Season,Game,Date,Day,Time,Round.Number,Venue,Home.Team,Away.Team,Prediction,Probability,Result,Predicted_Round,Predicted_At,Round,Home.Goals,Home.Behinds,Home.Points,Away.Goals,Away.Behinds,Away.Points,Margin,Round.Type,seas_rnd,First.Game,round.name,Finals,status,Home.Venue.Exp,Away.Venue.Exp,Home.Interstate,Away.Interstate,Home.Factor,Away.Factor,Home.ELO_pre,Away.ELO_pre,Home.ELO,Away.ELO
2026,16844,2026-03-12,"Thu, 12",00:00:00,1,M.C.G.,Carlton,Richmond,9.2,0.624,Carlton by 9,0,2026-03-12 14:49:00,NA,NA,NA,NA,NA,NA,NA,NA,NA,NA,NA,NA,NA,NA,NA,NA,NA,NA,NA,NA,NA,NA,NA,NA
2026,16845,2026-03-13,"Fri, 13",00:00:00,1,M.C.G.,Essendon,Hawthorn,-24.8,0.251,Hawthorn by 25,0,2026-03-12 14:49:00,NA,NA,NA,NA,NA,NA,NA,NA,NA,NA,NA,NA,NA,NA,NA,NA,NA,NA,NA,NA,NA,NA,NA,NA
2026,16846,2026-03-14,"Sat, 14",00:00:00,1,Docklands,Footscray,GWS,4.6,0.571,Footscray by 5,0,2026-03-12 14:49:00,NA,NA,NA,NA,NA,NA,NA,NA,NA,NA,NA,NA,NA,NA,NA,NA,NA,NA,NA,NA,NA,NA,NA,NA
2026,16847,2026-03-14,"Sat, 14",00:00:00,1,Kardinia Park,Geelong,Fremantle,10.3,0.636,Geelong by 10,0,2026-03-12 14:49:00,NA,NA,NA,NA,NA,NA,NA,NA,NA,NA,NA,NA,NA,NA,NA,NA,NA,NA,NA,NA,NA,NA,NA,NA
2026,16848,2026-03-14,"Sat, 14",00:00:00,1,S.C.G.,Sydney,Brisbane Lions,10.2,0.635,Sydney by 10,0,2026-03-12 14:49:00,NA,NA,NA,NA,NA,NA,NA,NA,NA,NA,NA,NA,NA,NA,NA,NA,NA,NA,NA,NA,NA,NA,NA,NA
2026,16849,2026-03-14,"Sat, 14",00:00:00,1,M.C.G.,Collingwood,Adelaide,5,0.576,Collingwood by 5,0,2026-03-12 14:49:00,NA,NA,NA,NA,NA,NA,NA,NA,NA,NA,NA,NA,NA,NA,NA,NA,NA,NA,NA,NA,NA,NA,NA,NA
2026,16850,2026-03-15,"Sun, 15",00:00:00,1,Docklands,North Melbourne,Port Adelaide,-4.7,0.454,Port Adelaide by 5,0,2026-03-12 14:49:00,NA,NA,NA,NA,NA,NA,NA,NA,NA,NA,NA,NA,NA,NA,NA,NA,NA,NA,NA,NA,NA,NA,NA,NA
2026,16851,2026-03-15,"Sun, 15",00:00:00,1,M.C.G.,Melbourne,St Kilda,2,0.539,Melbourne by 2,0,2026-03-12 14:49:00,NA,NA,NA,NA,NA,NA,NA,NA,NA,NA,NA,NA,NA,NA,NA,NA,NA,NA,NA,NA,NA,NA,NA,NA
2026,16852,2026-03-15,"Sun, 15",00:00:00,1,People First Stadium,Gold Coast,West Coast,33.8,0.827,Gold Coast by 34,0,2026-03-12 14:49:00,NA,NA,NA,NA,NA,NA,NA,NA,NA,NA,NA,NA,NA,NA,NA,NA,NA,NA,NA,NA,NA,NA,NA,NA
2026,16853,2026-03-19,"Thu, 19",00:00:00,2,M.C.G.,Hawthorn,Sydney,7.1,0.601,Hawthorn by 7,0,2026-03-12 14:49:00,NA,NA,NA,NA,NA,NA,NA,NA,NA,NA,NA,NA,NA,NA,NA,NA,NA,NA,NA,NA,NA,NA,NA,NA
2026,16854,2026-03-20,"Fri, 20",00:00:00,2,Adelaide Oval,Adelaide,Footscray,10.3,0.636,Adelaide by 10,0,2026-03-12 14:49:00,NA,NA,NA,NA,NA,NA,NA,NA,NA,NA,NA,NA,NA,NA,NA,NA,NA,NA,NA,NA,NA,NA,NA,NA
2026,16855,2026-03-21,"Sat, 21",00:00:00,2,M.C.G.,Richmond,Gold Coast,-13.2,0.356,Gold Coast by 13,0,2026-03-12 14:49:00,NA,NA,NA,NA,NA,NA,NA,NA,NA,NA,NA,NA,NA,NA,NA,NA,NA,NA,NA,NA,NA,NA,NA,NA
2026,16856,2026-03-21,"Sat, 21",00:00:00,2,ENGIE Stadium,GWS,St Kilda,16.6,0.699,GWS by 17,0,2026-03-12 14:49:00,NA,NA,NA,NA,NA,NA,NA,NA,NA,NA,NA,NA,NA,NA,NA,NA,NA,NA,NA,NA,NA,NA,NA,NA
2026,16857,2026-03-21,"Sat, 21",00:00:00,2,Perth Stadium,Fremantle,Melbourne,29.3,0.798,Fremantle by 29,0,2026-03-12 14:49:00,NA,NA,NA,NA,NA,NA,NA,NA,NA,NA,NA,NA,NA,NA,NA,NA,NA,NA,NA,NA,NA,NA,NA,NA
2026,16858,2026-03-22,"Sun, 22",00:00:00,2,Adelaide Oval,Port Adelaide,Essendon,20.7,0.734,Port Adelaide by 21,0,2026-03-12 14:49:00,NA,NA,NA,NA,NA,NA,NA,NA,NA,NA,NA,NA,NA,NA,NA,NA,NA,NA,NA,NA,NA,NA,NA,NA
2026,16859,2026-03-22,"Sun, 22",00:00:00,2,Perth Stadium,West Coast,North Melbourne,-2.1,0.487,North Melbourne by 2,0,2026-03-12 14:49:00,NA,NA,NA,NA,NA,NA,NA,NA,NA,NA,NA,NA,NA,NA,NA,NA,NA,NA,NA,NA,NA,NA,NA,NA
2026,16860,2026-03-26,"Thu, 26",00:00:00,3,Kardinia Park,Geelong,Adelaide,7.9,0.61,Geelong by 8,0,2026-03-12 14:49:00,NA,NA,NA,NA,NA,NA,NA,NA,NA,NA,NA,NA,NA,NA,NA,NA,NA,NA,NA,NA,NA,NA,NA,NA
2026,16861,2026-03-27,"Fri, 27",00:00:00,3,Docklands,Collingwood,GWS,-4.2,0.461,GWS by 4,0,2026-03-12 14:49:00,NA,NA,NA,NA,NA,NA,NA,NA,NA,NA,NA,NA,NA,NA,NA,NA,NA,NA,NA,NA,NA,NA,NA,NA
2026,16862,2026-03-28,"Sat, 28",00:00:00,3,Docklands,St Kilda,Brisbane Lions,-7.4,0.421,Brisbane Lions by 7,0,2026-03-12 14:49:00,NA,NA,NA,NA,NA,NA,NA,NA,NA,NA,NA,NA,NA,NA,NA,NA,NA,NA,NA,NA,NA,NA,NA,NA
2026,16863,2026-03-28,"Sat, 28",00:00:00,3,Perth Stadium,Fremantle,Richmond,38,0.852,Fremantle by 38,0,2026-03-12 14:49:00,NA,NA,NA,NA,NA,NA,NA,NA,NA,NA,NA,NA,NA,NA,NA,NA,NA,NA,NA,NA,NA,NA,NA,NA
2026,16864,2026-03-28,"Sat, 28",00:00:00,3,Docklands,Essendon,North Melbourne,-1.5,0.495,North Melbourne by 2,0,2026-03-12 14:49:00,NA,NA,NA,NA,NA,NA,NA,NA,NA,NA,NA,NA,NA,NA,NA,NA,NA,NA,NA,NA,NA,NA,NA,NA
2026,16865,2026-03-29,"Sun, 29",00:00:00,3,Adelaide Oval,Port Adelaide,West Coast,31.3,0.811,Port Adelaide by 31,0,2026-03-12 14:49:00,NA,NA,NA,NA,NA,NA,NA,NA,NA,NA,NA,NA,NA,NA,NA,NA,NA,NA,NA,NA,NA,NA,NA,NA
2026,16866,2026-03-29,"Sun, 29",00:00:00,3,M.C.G.,Carlton,Melbourne,2.2,0.541,Carlton by 2,0,2026-03-12 14:49:00,NA,NA,NA,NA,NA,NA,NA,NA,NA,NA,NA,NA,NA,NA,NA,NA,NA,NA,NA,NA,NA,NA,NA,NA
2026,16867,2026-04-02,"Thu, 02",00:00:00,4,Gabba,Brisbane Lions,Collingwood,10.2,0.635,Brisbane Lions by 10,0,2026-03-12 14:49:00,NA,NA,NA,NA,NA,NA,NA,NA,NA,NA,NA,NA,NA,NA,NA,NA,NA,NA,NA,NA,NA,NA,NA,NA
2026,16868,2026-04-03,"Fri, 03",00:00:00,4,Docklands,North Melbourne,Carlton,-7.9,0.415,Carlton by 8,0,2026-03-12 14:49:00,NA,NA,NA,NA,NA,NA,NA,NA,NA,NA,NA,NA,NA,NA,NA,NA,NA,NA,NA,NA,NA,NA,NA,NA
2026,16869,2026-04-03,"Fri, 03",00:00:00,4,Adelaide Oval,Adelaide,Fremantle,12.5,0.659,Adelaide by 12,0,2026-03-12 14:49:00,NA,NA,NA,NA,NA,NA,NA,NA,NA,NA,NA,NA,NA,NA,NA,NA,NA,NA,NA,NA,NA,NA,NA,NA
2026,16870,2026-04-04,"Sat, 04",00:00:00,4,M.C.G.,Richmond,Port Adelaide,-7,0.426,Port Adelaide by 7,0,2026-03-12 14:49:00,NA,NA,NA,NA,NA,NA,NA,NA,NA,NA,NA,NA,NA,NA,NA,NA,NA,NA,NA,NA,NA,NA,NA,NA
2026,16871,2026-04-04,"Sat, 04",00:00:00,4,Perth Stadium,West Coast,Sydney,-22,0.274,Sydney by 22,0,2026-03-12 14:49:00,NA,NA,NA,NA,NA,NA,NA,NA,NA,NA,NA,NA,NA,NA,NA,NA,NA,NA,NA,NA,NA,NA,NA,NA
2026,16872,2026-04-05,"Sun, 05",00:00:00,4,M.C.G.,Melbourne,Gold Coast,-6.8,0.429,Gold Coast by 7,0,2026-03-12 14:49:00,NA,NA,NA,NA,NA,NA,NA,NA,NA,NA,NA,NA,NA,NA,NA,NA,NA,NA,NA,NA,NA,NA,NA,NA
2026,16873,2026-04-05,"Sun, 05",00:00:00,4,Docklands,Footscray,Essendon,26,0.775,Footscray by 26,0,2026-03-12 14:49:00,NA,NA,NA,NA,NA,NA,NA,NA,NA,NA,NA,NA,NA,NA,NA,NA,NA,NA,NA,NA,NA,NA,NA,NA
2026,16874,2026-04-06,"Mon, 06",00:00:00,4,M.C.G.,Hawthorn,Geelong,-0.6,0.506,Hawthorn by 1,0,2026-03-12 14:49:00,NA,NA,NA,NA,NA,NA,NA,NA,NA,NA,NA,NA,NA,NA,NA,NA,NA,NA,NA,NA,NA,NA,NA,NA
2026,16875,2026-04-09,"Thu, 09",00:00:00,5,Adelaide Oval,Adelaide,Carlton,27.3,0.784,Adelaide by 27,0,2026-03-12 14:49:00,NA,NA,NA,NA,NA,NA,NA,NA,NA,NA,NA,NA,NA,NA,NA,NA,NA,NA,NA,NA,NA,NA,NA,NA
2026,16876,2026-04-10,"Fri, 10",00:00:00,5,Adelaide Oval,Collingwood,Fremantle,-0.3,0.51,Collingwood by 0,0,2026-03-12 14:49:00,NA,NA,NA,NA,NA,NA,NA,NA,NA,NA,NA,NA,NA,NA,NA,NA,NA,NA,NA,NA,NA,NA,NA,NA
2026,16877,2026-04-11,"Sat, 11",00:00:00,5,Barossa Park,North Melbourne,Brisbane Lions,-25.9,0.243,Brisbane Lions by 26,0,2026-03-12 14:49:00,NA,NA,NA,NA,NA,NA,NA,NA,NA,NA,NA,NA,NA,NA,NA,NA,NA,NA,NA,NA,NA,NA,NA,NA
2026,16878,2026-04-11,"Sat, 11",00:00:00,5,Adelaide Oval,Essendon,Melbourne,-5.5,0.445,Melbourne by 6,0,2026-03-12 14:49:00,NA,NA,NA,NA,NA,NA,NA,NA,NA,NA,NA,NA,NA,NA,NA,NA,NA,NA,NA,NA,NA,NA,NA,NA
2026,16879,2026-04-11,"Sat, 11",00:00:00,5,Norwood Oval,Sydney,Gold Coast,-6.4,0.433,Gold Coast by 6,0,2026-03-12 14:49:00,NA,NA,NA,NA,NA,NA,NA,NA,NA,NA,NA,NA,NA,NA,NA,NA,NA,NA,NA,NA,NA,NA,NA,NA
2026,16880,2026-04-11,"Sat, 11",00:00:00,5,Adelaide Oval,Hawthorn,Footscray,-2.3,0.485,Footscray by 2,0,2026-03-12 14:49:00,NA,NA,NA,NA,NA,NA,NA,NA,NA,NA,NA,NA,NA,NA,NA,NA,NA,NA,NA,NA,NA,NA,NA,NA
2026,16881,2026-04-12,"Sun, 12",00:00:00,5,Norwood Oval,Geelong,West Coast,36.8,0.845,Geelong by 37,0,2026-03-12 14:49:00,NA,NA,NA,NA,NA,NA,NA,NA,NA,NA,NA,NA,NA,NA,NA,NA,NA,NA,NA,NA,NA,NA,NA,NA
2026,16882,2026-04-12,"Sun, 12",00:00:00,5,Barossa Park,GWS,Richmond,30.5,0.806,GWS by 30,0,2026-03-12 14:49:00,NA,NA,NA,NA,NA,NA,NA,NA,NA,NA,NA,NA,NA,NA,NA,NA,NA,NA,NA,NA,NA,NA,NA,NA
2026,16883,2026-04-12,"Sun, 12",00:00:00,5,Adelaide Oval,Port Adelaide,St Kilda,10.7,0.641,Port Adelaide by 11,0,2026-03-12 14:49:00,NA,NA,NA,NA,NA,NA,NA,NA,NA,NA,NA,NA,NA,NA,NA,NA,NA,NA,NA,NA,NA,NA,NA,NA
2026,16884,2026-04-16,"Thu, 16",00:00:00,6,M.C.G.,Carlton,Collingwood,-17.4,0.315,Collingwood by 17,0,2026-03-12 14:49:00,NA,NA,NA,NA,NA,NA,NA,NA,NA,NA,NA,NA,NA,NA,NA,NA,NA,NA,NA,NA,NA,NA,NA,NA
2026,16885,2026-04-17,"Fri, 17",00:00:00,6,Kardinia Park,Geelong,Footscray,8,0.611,Geelong by 8,0,2026-03-12 14:49:00,NA,NA,NA,NA,NA,NA,NA,NA,NA,NA,NA,NA,NA,NA,NA,NA,NA,NA,NA,NA,NA,NA,NA,NA
2026,16886,2026-04-17,"Fri, 17",00:00:00,6,S.C.G.,Sydney,GWS,1.8,0.536,Sydney by 2,0,2026-03-12 14:49:00,NA,NA,NA,NA,NA,NA,NA,NA,NA,NA,NA,NA,NA,NA,NA,NA,NA,NA,NA,NA,NA,NA,NA,NA
2026,16887,2026-04-18,"Sat, 18",00:00:00,6,People First Stadium,Gold Coast,Essendon,24.2,0.762,Gold Coast by 24,0,2026-03-12 14:49:00,NA,NA,NA,NA,NA,NA,NA,NA,NA,NA,NA,NA,NA,NA,NA,NA,NA,NA,NA,NA,NA,NA,NA,NA
2026,16888,2026-04-18,"Sat, 18",00:00:00,6,Docklands,Hawthorn,Port Adelaide,12,0.654,Hawthorn by 12,0,2026-03-12 14:49:00,NA,NA,NA,NA,NA,NA,NA,NA,NA,NA,NA,NA,NA,NA,NA,NA,NA,NA,NA,NA,NA,NA,NA,NA
2026,16889,2026-04-18,"Sat, 18",00:00:00,6,Adelaide Oval,Adelaide,St Kilda,26.8,0.781,Adelaide by 27,0,2026-03-12 14:49:00,NA,NA,NA,NA,NA,NA,NA,NA,NA,NA,NA,NA,NA,NA,NA,NA,NA,NA,NA,NA,NA,NA,NA,NA
2026,16890,2026-04-19,"Sun, 19",00:00:00,6,Docklands,North Melbourne,Richmond,8,0.611,North Melbourne by 8,0,2026-03-12 14:49:00,NA,NA,NA,NA,NA,NA,NA,NA,NA,NA,NA,NA,NA,NA,NA,NA,NA,NA,NA,NA,NA,NA,NA,NA
2026,16891,2026-04-19,"Sun, 19",00:00:00,6,M.C.G.,Melbourne,Brisbane Lions,-14.6,0.342,Brisbane Lions by 15,0,2026-03-12 14:49:00,NA,NA,NA,NA,NA,NA,NA,NA,NA,NA,NA,NA,NA,NA,NA,NA,NA,NA,NA,NA,NA,NA,NA,NA
2026,16892,2026-04-19,"Sun, 19",00:00:00,6,Perth Stadium,West Coast,Fremantle,-38.9,0.157,Fremantle by 39,0,2026-03-12 14:49:00,NA,NA,NA,NA,NA,NA,NA,NA,NA,NA,NA,NA,NA,NA,NA,NA,NA,NA,NA,NA,NA,NA,NA,NA
2026,16893,2026-04-23,"Thu, 23",00:00:00,7,Docklands,Footscray,Sydney,11.7,0.651,Footscray by 12,0,2026-03-12 14:49:00,NA,NA,NA,NA,NA,NA,NA,NA,NA,NA,NA,NA,NA,NA,NA,NA,NA,NA,NA,NA,NA,NA,NA,NA
2026,16894,2026-04-24,"Fri, 24",00:00:00,7,M.C.G.,Richmond,Melbourne,-8.2,0.412,Melbourne by 8,0,2026-03-12 14:49:00,NA,NA,NA,NA,NA,NA,NA,NA,NA,NA,NA,NA,NA,NA,NA,NA,NA,NA,NA,NA,NA,NA,NA,NA
2026,16895,2026-04-25,"Sat, 25",00:00:00,7,York Park,Hawthorn,Gold Coast,10.6,0.639,Hawthorn by 11,0,2026-03-12 14:49:00,NA,NA,NA,NA,NA,NA,NA,NA,NA,NA,NA,NA,NA,NA,NA,NA,NA,NA,NA,NA,NA,NA,NA,NA
2026,16896,2026-04-25,"Sat, 25",00:00:00,7,M.C.G.,Essendon,Collingwood,-28,0.227,Collingwood by 28,0,2026-03-12 14:49:00,NA,NA,NA,NA,NA,NA,NA,NA,NA,NA,NA,NA,NA,NA,NA,NA,NA,NA,NA,NA,NA,NA,NA,NA
2026,16897,2026-04-25,"Sat, 25",00:00:00,7,Adelaide Oval,Port Adelaide,Geelong,-4.6,0.456,Geelong by 5,0,2026-03-12 14:49:00,NA,NA,NA,NA,NA,NA,NA,NA,NA,NA,NA,NA,NA,NA,NA,NA,NA,NA,NA,NA,NA,NA,NA,NA
2026,16898,2026-04-25,"Sat, 25",00:00:00,7,Perth Stadium,Fremantle,Carlton,24.2,0.762,Fremantle by 24,0,2026-03-12 14:49:00,NA,NA,NA,NA,NA,NA,NA,NA,NA,NA,NA,NA,NA,NA,NA,NA,NA,NA,NA,NA,NA,NA,NA,NA
2026,16899,2026-04-26,"Sun, 26",00:00:00,7,Docklands,St Kilda,West Coast,27,0.782,St Kilda by 27,0,2026-03-12 14:49:00,NA,NA,NA,NA,NA,NA,NA,NA,NA,NA,NA,NA,NA,NA,NA,NA,NA,NA,NA,NA,NA,NA,NA,NA
2026,16900,2026-04-26,"Sun, 26",00:00:00,7,Gabba,Brisbane Lions,Adelaide,9.8,0.631,Brisbane Lions by 10,0,2026-03-12 14:49:00,NA,NA,NA,NA,NA,NA,NA,NA,NA,NA,NA,NA,NA,NA,NA,NA,NA,NA,NA,NA,NA,NA,NA,NA
2026,16901,2026-04-26,"Sun, 26",00:00:00,7,Corroboree Group Oval Manuka,GWS,North Melbourne,27,0.782,GWS by 27,0,2026-03-12 14:49:00,NA,NA,NA,NA,NA,NA,NA,NA,NA,NA,NA,NA,NA,NA,NA,NA,NA,NA,NA,NA,NA,NA,NA,NA
2026,16902,2026-04-30,"Thu, 30",00:00:00,8,M.C.G.,Collingwood,Hawthorn,1.7,0.535,Collingwood by 2,0,2026-03-12 14:49:00,NA,NA,NA,NA,NA,NA,NA,NA,NA,NA,NA,NA,NA,NA,NA,NA,NA,NA,NA,NA,NA,NA,NA,NA
2026,16903,2026-05-01,"Fri, 01",00:00:00,8,Docklands,Footscray,Fremantle,6.8,0.597,Footscray by 7,0,2026-03-12 14:49:00,NA,NA,NA,NA,NA,NA,NA,NA,NA,NA,NA,NA,NA,NA,NA,NA,NA,NA,NA,NA,NA,NA,NA,NA
2026,16904,2026-05-01,"Fri, 01",00:00:00,8,Adelaide Oval,Adelaide,Port Adelaide,13.8,0.672,Adelaide by 14,0,2026-03-12 14:49:00,NA,NA,NA,NA,NA,NA,NA,NA,NA,NA,NA,NA,NA,NA,NA,NA,NA,NA,NA,NA,NA,NA,NA,NA
2026,16905,2026-05-02,"Sat, 02",00:00:00,8,Docklands,Essendon,Brisbane Lions,-18.7,0.303,Brisbane Lions by 19,0,2026-03-12 14:49:00,NA,NA,NA,NA,NA,NA,NA,NA,NA,NA,NA,NA,NA,NA,NA,NA,NA,NA,NA,NA,NA,NA,NA,NA
2026,16906,2026-05-02,"Sat, 02",00:00:00,8,Perth Stadium,West Coast,Richmond,0.1,0.515,West Coast by 0,0,2026-03-12 14:49:00,NA,NA,NA,NA,NA,NA,NA,NA,NA,NA,NA,NA,NA,NA,NA,NA,NA,NA,NA,NA,NA,NA,NA,NA
2026,16907,2026-05-02,"Sat, 02",00:00:00,8,Kardinia Park,Geelong,North Melbourne,37,0.846,Geelong by 37,0,2026-03-12 14:49:00,NA,NA,NA,NA,NA,NA,NA,NA,NA,NA,NA,NA,NA,NA,NA,NA,NA,NA,NA,NA,NA,NA,NA,NA
2026,16908,2026-05-02,"Sat, 02",00:00:00,8,Docklands,Carlton,St Kilda,-3.8,0.465,St Kilda by 4,0,2026-03-12 14:49:00,NA,NA,NA,NA,NA,NA,NA,NA,NA,NA,NA,NA,NA,NA,NA,NA,NA,NA,NA,NA,NA,NA,NA,NA
2026,16909,2026-05-03,"Sun, 03",00:00:00,8,S.C.G.,Sydney,Melbourne,29.7,0.801,Sydney by 30,0,2026-03-12 14:49:00,NA,NA,NA,NA,NA,NA,NA,NA,NA,NA,NA,NA,NA,NA,NA,NA,NA,NA,NA,NA,NA,NA,NA,NA
2026,16910,2026-05-03,"Sun, 03",00:00:00,8,People First Stadium,Gold Coast,GWS,-0.8,0.504,Gold Coast by 1,0,2026-03-12 14:49:00,NA,NA,NA,NA,NA,NA,NA,NA,NA,NA,NA,NA,NA,NA,NA,NA,NA,NA,NA,NA,NA,NA,NA,NA
2026,16911,2026-05-07,"Thu, 07",00:00:00,9,Perth Stadium,Fremantle,Hawthorn,11.7,0.651,Fremantle by 12,0,2026-03-12 14:49:00,NA,NA,NA,NA,NA,NA,NA,NA,NA,NA,NA,NA,NA,NA,NA,NA,NA,NA,NA,NA,NA,NA,NA,NA
2026,16912,2026-05-08,"Fri, 08",00:00:00,9,Gabba,Brisbane Lions,Carlton,26,0.775,Brisbane Lions by 26,0,2026-03-12 14:49:00,NA,NA,NA,NA,NA,NA,NA,NA,NA,NA,NA,NA,NA,NA,NA,NA,NA,NA,NA,NA,NA,NA,NA,NA
2026,16913,2026-05-08,"Fri, 08",00:00:00,9,Adelaide Oval,Port Adelaide,Footscray,-4.7,0.454,Footscray by 5,0,2026-03-12 14:49:00,NA,NA,NA,NA,NA,NA,NA,NA,NA,NA,NA,NA,NA,NA,NA,NA,NA,NA,NA,NA,NA,NA,NA,NA
2026,16914,2026-05-09,"Sat, 09",00:00:00,9,Docklands,North Melbourne,Sydney,-13.8,0.35,Sydney by 14,0,2026-03-12 14:49:00,NA,NA,NA,NA,NA,NA,NA,NA,NA,NA,NA,NA,NA,NA,NA,NA,NA,NA,NA,NA,NA,NA,NA,NA
2026,16915,2026-05-09,"Sat, 09",00:00:00,9,ENGIE Stadium,GWS,Essendon,30.2,0.804,GWS by 30,0,2026-03-12 14:49:00,NA,NA,NA,NA,NA,NA,NA,NA,NA,NA,NA,NA,NA,NA,NA,NA,NA,NA,NA,NA,NA,NA,NA,NA
2026,16916,2026-05-09,"Sat, 09",00:00:00,9,Marrara Oval,Gold Coast,St Kilda,23.2,0.754,Gold Coast by 23,0,2026-03-12 14:49:00,NA,NA,NA,NA,NA,NA,NA,NA,NA,NA,NA,NA,NA,NA,NA,NA,NA,NA,NA,NA,NA,NA,NA,NA
2026,16917,2026-05-09,"Sat, 09",00:00:00,9,M.C.G.,Geelong,Collingwood,-4.1,0.462,Collingwood by 4,0,2026-03-12 14:49:00,NA,NA,NA,NA,NA,NA,NA,NA,NA,NA,NA,NA,NA,NA,NA,NA,NA,NA,NA,NA,NA,NA,NA,NA
2026,16918,2026-05-10,"Sun, 10",00:00:00,9,Docklands,Melbourne,West Coast,10.6,0.639,Melbourne by 11,0,2026-03-12 14:49:00,NA,NA,NA,NA,NA,NA,NA,NA,NA,NA,NA,NA,NA,NA,NA,NA,NA,NA,NA,NA,NA,NA,NA,NA
2026,16919,2026-05-10,"Sun, 10",00:00:00,9,M.C.G.,Richmond,Adelaide,-21.8,0.276,Adelaide by 22,0,2026-03-12 14:49:00,NA,NA,NA,NA,NA,NA,NA,NA,NA,NA,NA,NA,NA,NA,NA,NA,NA,NA,NA,NA,NA,NA,NA,NA
2026,16920,2026-05-14,"Thu, 14",00:00:00,10,Gabba,Brisbane Lions,Geelong,10.5,0.638,Brisbane Lions by 10,0,2026-03-12 14:49:00,NA,NA,NA,NA,NA,NA,NA,NA,NA,NA,NA,NA,NA,NA,NA,NA,NA,NA,NA,NA,NA,NA,NA,NA
2026,16921,2026-05-15,"Fri, 15",00:00:00,10,S.C.G.,Sydney,Collingwood,6.9,0.598,Sydney by 7,0,2026-03-12 14:49:00,NA,NA,NA,NA,NA,NA,NA,NA,NA,NA,NA,NA,NA,NA,NA,NA,NA,NA,NA,NA,NA,NA,NA,NA
2026,16922,2026-05-15,"Fri, 15",00:00:00,10,Marrara Oval,Gold Coast,Port Adelaide,21.2,0.738,Gold Coast by 21,0,2026-03-12 14:49:00,NA,NA,NA,NA,NA,NA,NA,NA,NA,NA,NA,NA,NA,NA,NA,NA,NA,NA,NA,NA,NA,NA,NA,NA
2026,16923,2026-05-16,"Sat, 16",00:00:00,10,Adelaide Oval,Adelaide,North Melbourne,40,0.863,Adelaide by 40,0,2026-03-12 14:49:00,NA,NA,NA,NA,NA,NA,NA,NA,NA,NA,NA,NA,NA,NA,NA,NA,NA,NA,NA,NA,NA,NA,NA,NA
2026,16924,2026-05-16,"Sat, 16",00:00:00,10,M.C.G.,Melbourne,Hawthorn,-17.8,0.311,Hawthorn by 18,0,2026-03-12 14:49:00,NA,NA,NA,NA,NA,NA,NA,NA,NA,NA,NA,NA,NA,NA,NA,NA,NA,NA,NA,NA,NA,NA,NA,NA
2026,16925,2026-05-16,"Sat, 16",00:00:00,10,Docklands,Carlton,Footscray,-19.8,0.293,Footscray by 20,0,2026-03-12 14:49:00,NA,NA,NA,NA,NA,NA,NA,NA,NA,NA,NA,NA,NA,NA,NA,NA,NA,NA,NA,NA,NA,NA,NA,NA
2026,16926,2026-05-17,"Sun, 17",00:00:00,10,M.C.G.,Essendon,Fremantle,-18.2,0.307,Fremantle by 18,0,2026-03-12 14:49:00,NA,NA,NA,NA,NA,NA,NA,NA,NA,NA,NA,NA,NA,NA,NA,NA,NA,NA,NA,NA,NA,NA,NA,NA
2026,16927,2026-05-17,"Sun, 17",00:00:00,10,Docklands,St Kilda,Richmond,18.7,0.717,St Kilda by 19,0,2026-03-12 14:49:00,NA,NA,NA,NA,NA,NA,NA,NA,NA,NA,NA,NA,NA,NA,NA,NA,NA,NA,NA,NA,NA,NA,NA,NA
2026,16928,2026-05-17,"Sun, 17",00:00:00,10,Perth Stadium,West Coast,GWS,-27.4,0.232,GWS by 27,0,2026-03-12 14:49:00,NA,NA,NA,NA,NA,NA,NA,NA,NA,NA,NA,NA,NA,NA,NA,NA,NA,NA,NA,NA,NA,NA,NA,NA
2026,16929,2026-05-21,"Thu, 21",00:00:00,11,York Park,Hawthorn,Adelaide,3.8,0.561,Hawthorn by 4,0,2026-03-12 14:49:00,NA,NA,NA,NA,NA,NA,NA,NA,NA,NA,NA,NA,NA,NA,NA,NA,NA,NA,NA,NA,NA,NA,NA,NA
2026,16930,2026-05-22,"Fri, 22",00:00:00,11,M.C.G.,Richmond,Essendon,-2.3,0.484,Essendon by 2,0,2026-03-12 14:49:00,NA,NA,NA,NA,NA,NA,NA,NA,NA,NA,NA,NA,NA,NA,NA,NA,NA,NA,NA,NA,NA,NA,NA,NA
2026,16931,2026-05-22,"Fri, 22",00:00:00,11,Perth Stadium,Fremantle,St Kilda,25.9,0.774,Fremantle by 26,0,2026-03-12 14:49:00,NA,NA,NA,NA,NA,NA,NA,NA,NA,NA,NA,NA,NA,NA,NA,NA,NA,NA,NA,NA,NA,NA,NA,NA
2026,16932,2026-05-23,"Sat, 23",00:00:00,11,Docklands,North Melbourne,Gold Coast,-16.9,0.319,Gold Coast by 17,0,2026-03-12 14:49:00,NA,NA,NA,NA,NA,NA,NA,NA,NA,NA,NA,NA,NA,NA,NA,NA,NA,NA,NA,NA,NA,NA,NA,NA
2026,16933,2026-05-23,"Sat, 23",00:00:00,11,Kardinia Park,Geelong,Sydney,19,0.72,Geelong by 19,0,2026-03-12 14:49:00,NA,NA,NA,NA,NA,NA,NA,NA,NA,NA,NA,NA,NA,NA,NA,NA,NA,NA,NA,NA,NA,NA,NA,NA
2026,16934,2026-05-23,"Sat, 23",00:00:00,11,M.C.G.,Collingwood,West Coast,47.6,0.902,Collingwood by 48,0,2026-03-12 14:49:00,NA,NA,NA,NA,NA,NA,NA,NA,NA,NA,NA,NA,NA,NA,NA,NA,NA,NA,NA,NA,NA,NA,NA,NA
2026,16935,2026-05-23,"Sat, 23",00:00:00,11,Adelaide Oval,Port Adelaide,Carlton,10.1,0.634,Port Adelaide by 10,0,2026-03-12 14:49:00,NA,NA,NA,NA,NA,NA,NA,NA,NA,NA,NA,NA,NA,NA,NA,NA,NA,NA,NA,NA,NA,NA,NA,NA
2026,16936,2026-05-24,"Sun, 24",00:00:00,11,ENGIE Stadium,GWS,Brisbane Lions,7,0.6,GWS by 7,0,2026-03-12 14:49:00,NA,NA,NA,NA,NA,NA,NA,NA,NA,NA,NA,NA,NA,NA,NA,NA,NA,NA,NA,NA,NA,NA,NA,NA
2026,16937,2026-05-24,"Sun, 24",00:00:00,11,Docklands,Footscray,Melbourne,30.3,0.805,Footscray by 30,0,2026-03-12 14:49:00,NA,NA,NA,NA,NA,NA,NA,NA,NA,NA,NA,NA,NA,NA,NA,NA,NA,NA,NA,NA,NA,NA,NA,NA
2026,16938,2026-05-28,"Thu, 28",00:00:00,12,Docklands,St Kilda,Hawthorn,-7.9,0.415,Hawthorn by 8,0,2026-03-12 14:49:00,NA,NA,NA,NA,NA,NA,NA,NA,NA,NA,NA,NA,NA,NA,NA,NA,NA,NA,NA,NA,NA,NA,NA,NA
2026,16939,2026-05-29,"Fri, 29",00:00:00,12,M.C.G.,Carlton,Geelong,-14.3,0.345,Geelong by 14,0,2026-03-12 14:49:00,NA,NA,NA,NA,NA,NA,NA,NA,NA,NA,NA,NA,NA,NA,NA,NA,NA,NA,NA,NA,NA,NA,NA,NA
2026,16940,2026-05-30,"Sat, 30",00:00:00,12,S.C.G.,Sydney,Richmond,39.8,0.862,Sydney by 40,0,2026-03-12 14:49:00,NA,NA,NA,NA,NA,NA,NA,NA,NA,NA,NA,NA,NA,NA,NA,NA,NA,NA,NA,NA,NA,NA,NA,NA
2026,16941,2026-05-30,"Sat, 30",00:00:00,12,Gabba,Brisbane Lions,Fremantle,14.6,0.68,Brisbane Lions by 15,0,2026-03-12 14:49:00,NA,NA,NA,NA,NA,NA,NA,NA,NA,NA,NA,NA,NA,NA,NA,NA,NA,NA,NA,NA,NA,NA,NA,NA
2026,16942,2026-05-30,"Sat, 30",00:00:00,12,Docklands,Footscray,Collingwood,8,0.611,Footscray by 8,0,2026-03-12 14:49:00,NA,NA,NA,NA,NA,NA,NA,NA,NA,NA,NA,NA,NA,NA,NA,NA,NA,NA,NA,NA,NA,NA,NA,NA
2026,16943,2026-05-31,"Sun, 31",00:00:00,12,TIO Traeger Park,Melbourne,GWS,-24.5,0.254,GWS by 24,0,2026-03-12 14:49:00,NA,NA,NA,NA,NA,NA,NA,NA,NA,NA,NA,NA,NA,NA,NA,NA,NA,NA,NA,NA,NA,NA,NA,NA
2026,16944,2026-05-31,"Sun, 31",00:00:00,12,Perth Stadium,West Coast,Essendon,-2.8,0.478,Essendon by 3,0,2026-03-12 14:49:00,NA,NA,NA,NA,NA,NA,NA,NA,NA,NA,NA,NA,NA,NA,NA,NA,NA,NA,NA,NA,NA,NA,NA,NA
2026,16945,2026-06-04,"Thu, 04",00:00:00,13,Adelaide Oval,Adelaide,Geelong,9.4,0.626,Adelaide by 9,0,2026-03-12 14:49:00,NA,NA,NA,NA,NA,NA,NA,NA,NA,NA,NA,NA,NA,NA,NA,NA,NA,NA,NA,NA,NA,NA,NA,NA
2026,16946,2026-06-05,"Fri, 05",00:00:00,13,M.C.G.,Hawthorn,Footscray,4.2,0.566,Hawthorn by 4,0,2026-03-12 14:49:00,NA,NA,NA,NA,NA,NA,NA,NA,NA,NA,NA,NA,NA,NA,NA,NA,NA,NA,NA,NA,NA,NA,NA,NA
2026,16947,2026-06-06,"Sat, 06",00:00:00,13,Hands Oval,North Melbourne,Fremantle,-21.9,0.275,Fremantle by 22,0,2026-03-12 14:49:00,NA,NA,NA,NA,NA,NA,NA,NA,NA,NA,NA,NA,NA,NA,NA,NA,NA,NA,NA,NA,NA,NA,NA,NA
2026,16948,2026-06-06,"Sat, 06",00:00:00,13,People First Stadium,Gold Coast,Brisbane Lions,3.4,0.556,Gold Coast by 3,0,2026-03-12 14:49:00,NA,NA,NA,NA,NA,NA,NA,NA,NA,NA,NA,NA,NA,NA,NA,NA,NA,NA,NA,NA,NA,NA,NA,NA
2026,16949,2026-06-06,"Sat, 06",00:00:00,13,Perth Stadium,West Coast,Port Adelaide,-11.6,0.374,Port Adelaide by 12,0,2026-03-12 14:49:00,NA,NA,NA,NA,NA,NA,NA,NA,NA,NA,NA,NA,NA,NA,NA,NA,NA,NA,NA,NA,NA,NA,NA,NA
2026,16950,2026-06-07,"Sun, 07",00:00:00,13,S.C.G.,Sydney,St Kilda,24,0.76,Sydney by 24,0,2026-03-12 14:49:00,NA,NA,NA,NA,NA,NA,NA,NA,NA,NA,NA,NA,NA,NA,NA,NA,NA,NA,NA,NA,NA,NA,NA,NA
2026,16951,2026-06-07,"Sun, 07",00:00:00,13,M.C.G.,Essendon,Carlton,-10.1,0.39,Carlton by 10,0,2026-03-12 14:49:00,NA,NA,NA,NA,NA,NA,NA,NA,NA,NA,NA,NA,NA,NA,NA,NA,NA,NA,NA,NA,NA,NA,NA,NA
2026,16952,2026-06-08,"Mon, 08",00:00:00,13,M.C.G.,Collingwood,Melbourne,19.1,0.721,Collingwood by 19,0,2026-03-12 14:49:00,NA,NA,NA,NA,NA,NA,NA,NA,NA,NA,NA,NA,NA,NA,NA,NA,NA,NA,NA,NA,NA,NA,NA,NA
2026,16953,2026-06-11,"Thu, 11",00:00:00,14,Docklands,Footscray,Adelaide,6.7,0.596,Footscray by 7,0,2026-03-12 14:49:00,NA,NA,NA,NA,NA,NA,NA,NA,NA,NA,NA,NA,NA,NA,NA,NA,NA,NA,NA,NA,NA,NA,NA,NA
2026,16954,2026-06-12,"Fri, 12",00:00:00,14,Kardinia Park,Geelong,Gold Coast,16.6,0.699,Geelong by 17,0,2026-03-12 14:49:00,NA,NA,NA,NA,NA,NA,NA,NA,NA,NA,NA,NA,NA,NA,NA,NA,NA,NA,NA,NA,NA,NA,NA,NA
2026,16955,2026-06-13,"Sat, 13",00:00:00,14,M.C.G.,Melbourne,Essendon,4.4,0.569,Melbourne by 4,0,2026-03-12 14:49:00,NA,NA,NA,NA,NA,NA,NA,NA,NA,NA,NA,NA,NA,NA,NA,NA,NA,NA,NA,NA,NA,NA,NA,NA
2026,16956,2026-06-13,"Sat, 13",00:00:00,14,Perth Stadium,North Melbourne,West Coast,-0.1,0.513,North Melbourne by 0,0,2026-03-12 14:49:00,NA,NA,NA,NA,NA,NA,NA,NA,NA,NA,NA,NA,NA,NA,NA,NA,NA,NA,NA,NA,NA,NA,NA,NA
2026,16957,2026-06-13,"Sat, 13",00:00:00,14,Adelaide Oval,Port Adelaide,Sydney,0.7,0.523,Port Adelaide by 1,0,2026-03-12 14:49:00,NA,NA,NA,NA,NA,NA,NA,NA,NA,NA,NA,NA,NA,NA,NA,NA,NA,NA,NA,NA,NA,NA,NA,NA
2026,16958,2026-06-14,"Sun, 14",00:00:00,14,Ninja Stadium,Richmond,Brisbane Lions,-29.5,0.217,Brisbane Lions by 30,0,2026-03-12 14:49:00,NA,NA,NA,NA,NA,NA,NA,NA,NA,NA,NA,NA,NA,NA,NA,NA,NA,NA,NA,NA,NA,NA,NA,NA
2026,16959,2026-06-14,"Sun, 14",00:00:00,14,Docklands,St Kilda,GWS,-11.2,0.378,GWS by 11,0,2026-03-12 14:49:00,NA,NA,NA,NA,NA,NA,NA,NA,NA,NA,NA,NA,NA,NA,NA,NA,NA,NA,NA,NA,NA,NA,NA,NA
2026,16960,2026-06-18,"Thu, 18",00:00:00,15,Perth Stadium,Fremantle,Geelong,11.1,0.645,Fremantle by 11,0,2026-03-12 14:49:00,NA,NA,NA,NA,NA,NA,NA,NA,NA,NA,NA,NA,NA,NA,NA,NA,NA,NA,NA,NA,NA,NA,NA,NA
2026,16961,2026-06-19,"Fri, 19",00:00:00,15,People First Stadium,Gold Coast,Hawthorn,5.4,0.581,Gold Coast by 5,0,2026-03-12 14:49:00,NA,NA,NA,NA,NA,NA,NA,NA,NA,NA,NA,NA,NA,NA,NA,NA,NA,NA,NA,NA,NA,NA,NA,NA
2026,16962,2026-06-20,"Sat, 20",00:00:00,15,Adelaide Oval,Adelaide,Melbourne,31.7,0.814,Adelaide by 32,0,2026-03-12 14:49:00,NA,NA,NA,NA,NA,NA,NA,NA,NA,NA,NA,NA,NA,NA,NA,NA,NA,NA,NA,NA,NA,NA,NA,NA
2026,16963,2026-06-20,"Sat, 20",00:00:00,15,ENGIE Stadium,GWS,Carlton,24.4,0.763,GWS by 24,0,2026-03-12 14:49:00,NA,NA,NA,NA,NA,NA,NA,NA,NA,NA,NA,NA,NA,NA,NA,NA,NA,NA,NA,NA,NA,NA,NA,NA
2026,16964,2026-06-20,"Sat, 20",00:00:00,15,M.C.G.,Collingwood,Port Adelaide,20.1,0.729,Collingwood by 20,0,2026-03-12 14:49:00,NA,NA,NA,NA,NA,NA,NA,NA,NA,NA,NA,NA,NA,NA,NA,NA,NA,NA,NA,NA,NA,NA,NA,NA
2026,16965,2026-06-21,"Sun, 21",00:00:00,15,M.C.G.,Richmond,North Melbourne,5.2,0.578,Richmond by 5,0,2026-03-12 14:49:00,NA,NA,NA,NA,NA,NA,NA,NA,NA,NA,NA,NA,NA,NA,NA,NA,NA,NA,NA,NA,NA,NA,NA,NA
2026,16966,2026-06-21,"Sun, 21",00:00:00,15,Docklands,St Kilda,Footscray,-16.8,0.32,Footscray by 17,0,2026-03-12 14:49:00,NA,NA,NA,NA,NA,NA,NA,NA,NA,NA,NA,NA,NA,NA,NA,NA,NA,NA,NA,NA,NA,NA,NA,NA
2026,16967,2026-06-22,"Mon, 22",00:00:00,16,Gabba,Brisbane Lions,Sydney,15.5,0.689,Brisbane Lions by 16,0,2026-03-12 14:49:00,NA,NA,NA,NA,NA,NA,NA,NA,NA,NA,NA,NA,NA,NA,NA,NA,NA,NA,NA,NA,NA,NA,NA,NA
2026,16968,2026-06-22,"Mon, 22",00:00:00,16,Docklands,Carlton,West Coast,23.4,0.756,Carlton by 23,0,2026-03-12 14:49:00,NA,NA,NA,NA,NA,NA,NA,NA,NA,NA,NA,NA,NA,NA,NA,NA,NA,NA,NA,NA,NA,NA,NA,NA
2026,16969,2026-06-22,"Mon, 22",00:00:00,16,M.C.G.,Collingwood,Richmond,27.4,0.785,Collingwood by 27,0,2026-03-12 14:49:00,NA,NA,NA,NA,NA,NA,NA,NA,NA,NA,NA,NA,NA,NA,NA,NA,NA,NA,NA,NA,NA,NA,NA,NA
2026,16970,2026-06-22,"Mon, 22",00:00:00,16,M.C.G.,Hawthorn,GWS,2.7,0.548,Hawthorn by 3,0,2026-03-12 14:49:00,NA,NA,NA,NA,NA,NA,NA,NA,NA,NA,NA,NA,NA,NA,NA,NA,NA,NA,NA,NA,NA,NA,NA,NA
2026,16971,2026-06-22,"Mon, 22",00:00:00,16,Docklands,North Melbourne,Essendon,-0.4,0.508,North Melbourne by 0,0,2026-03-12 14:49:00,NA,NA,NA,NA,NA,NA,NA,NA,NA,NA,NA,NA,NA,NA,NA,NA,NA,NA,NA,NA,NA,NA,NA,NA
2026,16972,2026-06-22,"Mon, 22",00:00:00,16,Adelaide Oval,Port Adelaide,Adelaide,-16,0.328,Adelaide by 16,0,2026-03-12 14:49:00,NA,NA,NA,NA,NA,NA,NA,NA,NA,NA,NA,NA,NA,NA,NA,NA,NA,NA,NA,NA,NA,NA,NA,NA
2026,16973,2026-06-22,"Mon, 22",00:00:00,16,Perth Stadium,Fremantle,Gold Coast,12,0.654,Fremantle by 12,0,2026-03-12 14:49:00,NA,NA,NA,NA,NA,NA,NA,NA,NA,NA,NA,NA,NA,NA,NA,NA,NA,NA,NA,NA,NA,NA,NA,NA
2026,16974,2026-06-29,"Mon, 29",00:00:00,17,Docklands,Essendon,St Kilda,-11.6,0.373,St Kilda by 12,0,2026-03-12 14:49:00,NA,NA,NA,NA,NA,NA,NA,NA,NA,NA,NA,NA,NA,NA,NA,NA,NA,NA,NA,NA,NA,NA,NA,NA
2026,16975,2026-06-29,"Mon, 29",00:00:00,17,Kardinia Park,Geelong,Brisbane Lions,14.2,0.676,Geelong by 14,0,2026-03-12 14:49:00,NA,NA,NA,NA,NA,NA,NA,NA,NA,NA,NA,NA,NA,NA,NA,NA,NA,NA,NA,NA,NA,NA,NA,NA
2026,16976,2026-06-29,"Mon, 29",00:00:00,17,People First Stadium,Gold Coast,Collingwood,5.7,0.584,Gold Coast by 6,0,2026-03-12 14:49:00,NA,NA,NA,NA,NA,NA,NA,NA,NA,NA,NA,NA,NA,NA,NA,NA,NA,NA,NA,NA,NA,NA,NA,NA
2026,16977,2026-06-29,"Mon, 29",00:00:00,17,Corroboree Group Oval Manuka,GWS,Fremantle,4.9,0.575,GWS by 5,0,2026-03-12 14:49:00,NA,NA,NA,NA,NA,NA,NA,NA,NA,NA,NA,NA,NA,NA,NA,NA,NA,NA,NA,NA,NA,NA,NA,NA
2026,16978,2026-06-29,"Mon, 29",00:00:00,17,York Park,Hawthorn,Melbourne,33.8,0.827,Hawthorn by 34,0,2026-03-12 14:49:00,NA,NA,NA,NA,NA,NA,NA,NA,NA,NA,NA,NA,NA,NA,NA,NA,NA,NA,NA,NA,NA,NA,NA,NA
2026,16979,2026-06-29,"Mon, 29",00:00:00,17,M.C.G.,Richmond,Carlton,-11.6,0.374,Carlton by 12,0,2026-03-12 14:49:00,NA,NA,NA,NA,NA,NA,NA,NA,NA,NA,NA,NA,NA,NA,NA,NA,NA,NA,NA,NA,NA,NA,NA,NA
2026,16980,2026-06-29,"Mon, 29",00:00:00,17,S.C.G.,Sydney,Footscray,4.2,0.566,Sydney by 4,0,2026-03-12 14:49:00,NA,NA,NA,NA,NA,NA,NA,NA,NA,NA,NA,NA,NA,NA,NA,NA,NA,NA,NA,NA,NA,NA,NA,NA
2026,16981,2026-06-29,"Mon, 29",00:00:00,17,Adelaide Oval,Port Adelaide,North Melbourne,22.4,0.748,Port Adelaide by 22,0,2026-03-12 14:49:00,NA,NA,NA,NA,NA,NA,NA,NA,NA,NA,NA,NA,NA,NA,NA,NA,NA,NA,NA,NA,NA,NA,NA,NA
2026,16982,2026-06-29,"Mon, 29",00:00:00,17,Perth Stadium,West Coast,Adelaide,-29.2,0.219,Adelaide by 29,0,2026-03-12 14:49:00,NA,NA,NA,NA,NA,NA,NA,NA,NA,NA,NA,NA,NA,NA,NA,NA,NA,NA,NA,NA,NA,NA,NA,NA
2026,16983,2026-07-06,"Mon, 06",00:00:00,18,Gabba,Brisbane Lions,Essendon,35.5,0.837,Brisbane Lions by 36,0,2026-03-12 14:49:00,NA,NA,NA,NA,NA,NA,NA,NA,NA,NA,NA,NA,NA,NA,NA,NA,NA,NA,NA,NA,NA,NA,NA,NA
2026,16984,2026-07-06,"Mon, 06",00:00:00,18,M.C.G.,Carlton,Hawthorn,-14.2,0.346,Hawthorn by 14,0,2026-03-12 14:49:00,NA,NA,NA,NA,NA,NA,NA,NA,NA,NA,NA,NA,NA,NA,NA,NA,NA,NA,NA,NA,NA,NA,NA,NA
2026,16985,2026-07-06,"Mon, 06",00:00:00,18,Docklands,Collingwood,North Melbourne,15.5,0.689,Collingwood by 16,0,2026-03-12 14:49:00,NA,NA,NA,NA,NA,NA,NA,NA,NA,NA,NA,NA,NA,NA,NA,NA,NA,NA,NA,NA,NA,NA,NA,NA
2026,16986,2026-07-06,"Mon, 06",00:00:00,18,ENGIE Stadium,GWS,Geelong,9.1,0.623,GWS by 9,0,2026-03-12 14:49:00,NA,NA,NA,NA,NA,NA,NA,NA,NA,NA,NA,NA,NA,NA,NA,NA,NA,NA,NA,NA,NA,NA,NA,NA
2026,16987,2026-07-06,"Mon, 06",00:00:00,18,M.C.G.,Melbourne,Richmond,5.9,0.586,Melbourne by 6,0,2026-03-12 14:49:00,NA,NA,NA,NA,NA,NA,NA,NA,NA,NA,NA,NA,NA,NA,NA,NA,NA,NA,NA,NA,NA,NA,NA,NA
2026,16988,2026-07-06,"Mon, 06",00:00:00,18,Docklands,St Kilda,Port Adelaide,4.5,0.57,St Kilda by 4,0,2026-03-12 14:49:00,NA,NA,NA,NA,NA,NA,NA,NA,NA,NA,NA,NA,NA,NA,NA,NA,NA,NA,NA,NA,NA,NA,NA,NA
2026,16989,2026-07-06,"Mon, 06",00:00:00,18,Docklands,Footscray,West Coast,43.8,0.883,Footscray by 44,0,2026-03-12 14:49:00,NA,NA,NA,NA,NA,NA,NA,NA,NA,NA,NA,NA,NA,NA,NA,NA,NA,NA,NA,NA,NA,NA,NA,NA
2026,16990,2026-07-06,"Mon, 06",00:00:00,18,Adelaide Oval,Adelaide,Gold Coast,14.9,0.683,Adelaide by 15,0,2026-03-12 14:49:00,NA,NA,NA,NA,NA,NA,NA,NA,NA,NA,NA,NA,NA,NA,NA,NA,NA,NA,NA,NA,NA,NA,NA,NA
2026,16991,2026-07-06,"Mon, 06",00:00:00,18,Perth Stadium,Fremantle,Sydney,13.5,0.669,Fremantle by 14,0,2026-03-12 14:49:00,NA,NA,NA,NA,NA,NA,NA,NA,NA,NA,NA,NA,NA,NA,NA,NA,NA,NA,NA,NA,NA,NA,NA,NA
2026,16992,2026-07-13,"Mon, 13",00:00:00,19,M.C.G.,Collingwood,Carlton,15.1,0.685,Collingwood by 15,0,2026-03-12 14:49:00,NA,NA,NA,NA,NA,NA,NA,NA,NA,NA,NA,NA,NA,NA,NA,NA,NA,NA,NA,NA,NA,NA,NA,NA
2026,16993,2026-07-13,"Mon, 13",00:00:00,19,Docklands,Essendon,GWS,-22.7,0.268,GWS by 23,0,2026-03-12 14:49:00,NA,NA,NA,NA,NA,NA,NA,NA,NA,NA,NA,NA,NA,NA,NA,NA,NA,NA,NA,NA,NA,NA,NA,NA
2026,16994,2026-07-13,"Mon, 13",00:00:00,19,Kardinia Park,Geelong,St Kilda,26.8,0.781,Geelong by 27,0,2026-03-12 14:49:00,NA,NA,NA,NA,NA,NA,NA,NA,NA,NA,NA,NA,NA,NA,NA,NA,NA,NA,NA,NA,NA,NA,NA,NA
2026,16995,2026-07-13,"Mon, 13",00:00:00,19,People First Stadium,Gold Coast,Footscray,4.8,0.573,Gold Coast by 5,0,2026-03-12 14:49:00,NA,NA,NA,NA,NA,NA,NA,NA,NA,NA,NA,NA,NA,NA,NA,NA,NA,NA,NA,NA,NA,NA,NA,NA
2026,16996,2026-07-13,"Mon, 13",00:00:00,19,Docklands,North Melbourne,Melbourne,2.8,0.549,North Melbourne by 3,0,2026-03-12 14:49:00,NA,NA,NA,NA,NA,NA,NA,NA,NA,NA,NA,NA,NA,NA,NA,NA,NA,NA,NA,NA,NA,NA,NA,NA
2026,16997,2026-07-13,"Mon, 13",00:00:00,19,M.C.G.,Richmond,Hawthorn,-26.4,0.239,Hawthorn by 26,0,2026-03-12 14:49:00,NA,NA,NA,NA,NA,NA,NA,NA,NA,NA,NA,NA,NA,NA,NA,NA,NA,NA,NA,NA,NA,NA,NA,NA
2026,16998,2026-07-13,"Mon, 13",00:00:00,19,S.C.G.,Sydney,Adelaide,4.1,0.565,Sydney by 4,0,2026-03-12 14:49:00,NA,NA,NA,NA,NA,NA,NA,NA,NA,NA,NA,NA,NA,NA,NA,NA,NA,NA,NA,NA,NA,NA,NA,NA
2026,16999,2026-07-13,"Mon, 13",00:00:00,19,Adelaide Oval,Port Adelaide,Fremantle,-2.9,0.477,Fremantle by 3,0,2026-03-12 14:49:00,NA,NA,NA,NA,NA,NA,NA,NA,NA,NA,NA,NA,NA,NA,NA,NA,NA,NA,NA,NA,NA,NA,NA,NA
2026,17000,2026-07-13,"Mon, 13",00:00:00,19,Perth Stadium,West Coast,Brisbane Lions,-25.2,0.248,Brisbane Lions by 25,0,2026-03-12 14:49:00,NA,NA,NA,NA,NA,NA,NA,NA,NA,NA,NA,NA,NA,NA,NA,NA,NA,NA,NA,NA,NA,NA,NA,NA
2026,17001,2026-07-20,"Mon, 20",00:00:00,20,Gabba,Brisbane Lions,Port Adelaide,26.1,0.776,Brisbane Lions by 26,0,2026-03-12 14:49:00,NA,NA,NA,NA,NA,NA,NA,NA,NA,NA,NA,NA,NA,NA,NA,NA,NA,NA,NA,NA,NA,NA,NA,NA
2026,17002,2026-07-20,"Mon, 20",00:00:00,20,Docklands,Carlton,Gold Coast,-9.8,0.393,Gold Coast by 10,0,2026-03-12 14:49:00,NA,NA,NA,NA,NA,NA,NA,NA,NA,NA,NA,NA,NA,NA,NA,NA,NA,NA,NA,NA,NA,NA,NA,NA
2026,17003,2026-07-20,"Mon, 20",00:00:00,20,ENGIE Stadium,GWS,Sydney,15.2,0.686,GWS by 15,0,2026-03-12 14:49:00,NA,NA,NA,NA,NA,NA,NA,NA,NA,NA,NA,NA,NA,NA,NA,NA,NA,NA,NA,NA,NA,NA,NA,NA
2026,17004,2026-07-20,"Mon, 20",00:00:00,20,M.C.G.,Hawthorn,Essendon,22.7,0.75,Hawthorn by 23,0,2026-03-12 14:49:00,NA,NA,NA,NA,NA,NA,NA,NA,NA,NA,NA,NA,NA,NA,NA,NA,NA,NA,NA,NA,NA,NA,NA,NA
2026,17005,2026-07-20,"Mon, 20",00:00:00,20,Docklands,North Melbourne,St Kilda,-10.7,0.383,St Kilda by 11,0,2026-03-12 14:49:00,NA,NA,NA,NA,NA,NA,NA,NA,NA,NA,NA,NA,NA,NA,NA,NA,NA,NA,NA,NA,NA,NA,NA,NA
2026,17006,2026-07-20,"Mon, 20",00:00:00,20,M.C.G.,Melbourne,Geelong,-17.8,0.311,Geelong by 18,0,2026-03-12 14:49:00,NA,NA,NA,NA,NA,NA,NA,NA,NA,NA,NA,NA,NA,NA,NA,NA,NA,NA,NA,NA,NA,NA,NA,NA
2026,17007,2026-07-20,"Mon, 20",00:00:00,20,Docklands,Footscray,Richmond,36.6,0.844,Footscray by 37,0,2026-03-12 14:49:00,NA,NA,NA,NA,NA,NA,NA,NA,NA,NA,NA,NA,NA,NA,NA,NA,NA,NA,NA,NA,NA,NA,NA,NA
2026,17008,2026-07-20,"Mon, 20",00:00:00,20,Adelaide Oval,Adelaide,Collingwood,10.7,0.641,Adelaide by 11,0,2026-03-12 14:49:00,NA,NA,NA,NA,NA,NA,NA,NA,NA,NA,NA,NA,NA,NA,NA,NA,NA,NA,NA,NA,NA,NA,NA,NA
2026,17009,2026-07-20,"Mon, 20",00:00:00,20,Perth Stadium,Fremantle,West Coast,36.3,0.842,Fremantle by 36,0,2026-03-12 14:49:00,NA,NA,NA,NA,NA,NA,NA,NA,NA,NA,NA,NA,NA,NA,NA,NA,NA,NA,NA,NA,NA,NA,NA,NA
2026,17010,2026-07-27,"Mon, 27",00:00:00,21,Docklands,Carlton,Brisbane Lions,-10.9,0.381,Brisbane Lions by 11,0,2026-03-12 14:49:00,NA,NA,NA,NA,NA,NA,NA,NA,NA,NA,NA,NA,NA,NA,NA,NA,NA,NA,NA,NA,NA,NA,NA,NA
2026,17011,2026-07-27,"Mon, 27",00:00:00,21,M.C.G.,Collingwood,Geelong,1.7,0.535,Collingwood by 2,0,2026-03-12 14:49:00,NA,NA,NA,NA,NA,NA,NA,NA,NA,NA,NA,NA,NA,NA,NA,NA,NA,NA,NA,NA,NA,NA,NA,NA
2026,17012,2026-07-27,"Mon, 27",00:00:00,21,Docklands,Essendon,Adelaide,-19.4,0.296,Adelaide by 19,0,2026-03-12 14:49:00,NA,NA,NA,NA,NA,NA,NA,NA,NA,NA,NA,NA,NA,NA,NA,NA,NA,NA,NA,NA,NA,NA,NA,NA
2026,17013,2026-07-27,"Mon, 27",00:00:00,21,People First Stadium,Gold Coast,Melbourne,28.1,0.79,Gold Coast by 28,0,2026-03-12 14:49:00,NA,NA,NA,NA,NA,NA,NA,NA,NA,NA,NA,NA,NA,NA,NA,NA,NA,NA,NA,NA,NA,NA,NA,NA
2026,17014,2026-07-27,"Mon, 27",00:00:00,21,York Park,Hawthorn,North Melbourne,30.9,0.809,Hawthorn by 31,0,2026-03-12 14:49:00,NA,NA,NA,NA,NA,NA,NA,NA,NA,NA,NA,NA,NA,NA,NA,NA,NA,NA,NA,NA,NA,NA,NA,NA
2026,17015,2026-07-27,"Mon, 27",00:00:00,21,M.C.G.,Richmond,West Coast,17.6,0.708,Richmond by 18,0,2026-03-12 14:49:00,NA,NA,NA,NA,NA,NA,NA,NA,NA,NA,NA,NA,NA,NA,NA,NA,NA,NA,NA,NA,NA,NA,NA,NA
2026,17016,2026-07-27,"Mon, 27",00:00:00,21,Docklands,St Kilda,Sydney,-3.7,0.467,Sydney by 4,0,2026-03-12 14:49:00,NA,NA,NA,NA,NA,NA,NA,NA,NA,NA,NA,NA,NA,NA,NA,NA,NA,NA,NA,NA,NA,NA,NA,NA
2026,17017,2026-07-27,"Mon, 27",00:00:00,21,Adelaide Oval,Port Adelaide,GWS,-4.9,0.452,GWS by 5,0,2026-03-12 14:49:00,NA,NA,NA,NA,NA,NA,NA,NA,NA,NA,NA,NA,NA,NA,NA,NA,NA,NA,NA,NA,NA,NA,NA,NA
2026,17018,2026-07-27,"Mon, 27",00:00:00,21,Perth Stadium,Fremantle,Footscray,9.3,0.625,Fremantle by 9,0,2026-03-12 14:49:00,NA,NA,NA,NA,NA,NA,NA,NA,NA,NA,NA,NA,NA,NA,NA,NA,NA,NA,NA,NA,NA,NA,NA,NA
2026,17019,2026-08-03,"Mon, 03",00:00:00,22,Gabba,Brisbane Lions,Hawthorn,15.8,0.691,Brisbane Lions by 16,0,2026-03-12 14:49:00,NA,NA,NA,NA,NA,NA,NA,NA,NA,NA,NA,NA,NA,NA,NA,NA,NA,NA,NA,NA,NA,NA,NA,NA
2026,17020,2026-08-03,"Mon, 03",00:00:00,22,Kardinia Park,Geelong,Essendon,37.7,0.85,Geelong by 38,0,2026-03-12 14:49:00,NA,NA,NA,NA,NA,NA,NA,NA,NA,NA,NA,NA,NA,NA,NA,NA,NA,NA,NA,NA,NA,NA,NA,NA
2026,17021,2026-08-03,"Mon, 03",00:00:00,22,Corroboree Group Oval Manuka,GWS,Gold Coast,9.3,0.625,GWS by 9,0,2026-03-12 14:49:00,NA,NA,NA,NA,NA,NA,NA,NA,NA,NA,NA,NA,NA,NA,NA,NA,NA,NA,NA,NA,NA,NA,NA,NA
2026,17022,2026-08-03,"Mon, 03",00:00:00,22,M.C.G.,Melbourne,Fremantle,-11.8,0.371,Fremantle by 12,0,2026-03-12 14:49:00,NA,NA,NA,NA,NA,NA,NA,NA,NA,NA,NA,NA,NA,NA,NA,NA,NA,NA,NA,NA,NA,NA,NA,NA
2026,17023,2026-08-03,"Mon, 03",00:00:00,22,Docklands,St Kilda,Carlton,1.9,0.538,St Kilda by 2,0,2026-03-12 14:49:00,NA,NA,NA,NA,NA,NA,NA,NA,NA,NA,NA,NA,NA,NA,NA,NA,NA,NA,NA,NA,NA,NA,NA,NA
2026,17024,2026-08-03,"Mon, 03",00:00:00,22,S.C.G.,Sydney,Port Adelaide,19.6,0.725,Sydney by 20,0,2026-03-12 14:49:00,NA,NA,NA,NA,NA,NA,NA,NA,NA,NA,NA,NA,NA,NA,NA,NA,NA,NA,NA,NA,NA,NA,NA,NA
2026,17025,2026-08-03,"Mon, 03",00:00:00,22,Docklands,Footscray,North Melbourne,25.7,0.773,Footscray by 26,0,2026-03-12 14:49:00,NA,NA,NA,NA,NA,NA,NA,NA,NA,NA,NA,NA,NA,NA,NA,NA,NA,NA,NA,NA,NA,NA,NA,NA
2026,17026,2026-08-03,"Mon, 03",00:00:00,22,Adelaide Oval,Adelaide,Richmond,40.9,0.868,Adelaide by 41,0,2026-03-12 14:49:00,NA,NA,NA,NA,NA,NA,NA,NA,NA,NA,NA,NA,NA,NA,NA,NA,NA,NA,NA,NA,NA,NA,NA,NA
2026,17027,2026-08-03,"Mon, 03",00:00:00,22,Perth Stadium,West Coast,Collingwood,-23.5,0.262,Collingwood by 24,0,2026-03-12 14:49:00,NA,NA,NA,NA,NA,NA,NA,NA,NA,NA,NA,NA,NA,NA,NA,NA,NA,NA,NA,NA,NA,NA,NA,NA
2026,17028,2026-08-10,"Mon, 10",00:00:00,23,Gabba,Brisbane Lions,Gold Coast,11.1,0.645,Brisbane Lions by 11,0,2026-03-12 14:49:00,NA,NA,NA,NA,NA,NA,NA,NA,NA,NA,NA,NA,NA,NA,NA,NA,NA,NA,NA,NA,NA,NA,NA,NA
2026,17029,2026-08-10,"Mon, 10",00:00:00,23,M.C.G.,Essendon,Sydney,-15,0.338,Sydney by 15,0,2026-03-12 14:49:00,NA,NA,NA,NA,NA,NA,NA,NA,NA,NA,NA,NA,NA,NA,NA,NA,NA,NA,NA,NA,NA,NA,NA,NA
2026,17030,2026-08-10,"Mon, 10",00:00:00,23,ENGIE Stadium,GWS,West Coast,48.6,0.907,GWS by 49,0,2026-03-12 14:49:00,NA,NA,NA,NA,NA,NA,NA,NA,NA,NA,NA,NA,NA,NA,NA,NA,NA,NA,NA,NA,NA,NA,NA,NA
2026,17031,2026-08-10,"Mon, 10",00:00:00,23,M.C.G.,Hawthorn,Collingwood,-3.6,0.468,Collingwood by 4,0,2026-03-12 14:49:00,NA,NA,NA,NA,NA,NA,NA,NA,NA,NA,NA,NA,NA,NA,NA,NA,NA,NA,NA,NA,NA,NA,NA,NA
2026,17032,2026-08-10,"Mon, 10",00:00:00,23,Docklands,North Melbourne,Geelong,-14.9,0.339,Geelong by 15,0,2026-03-12 14:49:00,NA,NA,NA,NA,NA,NA,NA,NA,NA,NA,NA,NA,NA,NA,NA,NA,NA,NA,NA,NA,NA,NA,NA,NA
2026,17033,2026-08-10,"Mon, 10",00:00:00,23,M.C.G.,Richmond,St Kilda,-4.5,0.457,St Kilda by 4,0,2026-03-12 14:49:00,NA,NA,NA,NA,NA,NA,NA,NA,NA,NA,NA,NA,NA,NA,NA,NA,NA,NA,NA,NA,NA,NA,NA,NA
2026,17034,2026-08-10,"Mon, 10",00:00:00,23,Docklands,Footscray,Carlton,17.9,0.71,Footscray by 18,0,2026-03-12 14:49:00,NA,NA,NA,NA,NA,NA,NA,NA,NA,NA,NA,NA,NA,NA,NA,NA,NA,NA,NA,NA,NA,NA,NA,NA
2026,17035,2026-08-10,"Mon, 10",00:00:00,23,Adelaide Oval,Port Adelaide,Melbourne,14.8,0.682,Port Adelaide by 15,0,2026-03-12 14:49:00,NA,NA,NA,NA,NA,NA,NA,NA,NA,NA,NA,NA,NA,NA,NA,NA,NA,NA,NA,NA,NA,NA,NA,NA
2026,17036,2026-08-10,"Mon, 10",00:00:00,23,Perth Stadium,Fremantle,Adelaide,6.3,0.591,Fremantle by 6,0,2026-03-12 14:49:00,NA,NA,NA,NA,NA,NA,NA,NA,NA,NA,NA,NA,NA,NA,NA,NA,NA,NA,NA,NA,NA,NA,NA,NA
2026,17037,2026-08-17,"Mon, 17",00:00:00,24,M.C.G.,Collingwood,Brisbane Lions,5.3,0.58,Collingwood by 5,0,2026-03-12 14:49:00,NA,NA,NA,NA,NA,NA,NA,NA,NA,NA,NA,NA,NA,NA,NA,NA,NA,NA,NA,NA,NA,NA,NA,NA
2026,17038,2026-08-17,"Mon, 17",00:00:00,24,Docklands,Carlton,Fremantle,-10.2,0.389,Fremantle by 10,0,2026-03-12 14:49:00,NA,NA,NA,NA,NA,NA,NA,NA,NA,NA,NA,NA,NA,NA,NA,NA,NA,NA,NA,NA,NA,NA,NA,NA
2026,17039,2026-08-17,"Mon, 17",00:00:00,24,Docklands,Essendon,Port Adelaide,-6,0.438,Port Adelaide by 6,0,2026-03-12 14:49:00,NA,NA,NA,NA,NA,NA,NA,NA,NA,NA,NA,NA,NA,NA,NA,NA,NA,NA,NA,NA,NA,NA,NA,NA
2026,17040,2026-08-17,"Mon, 17",00:00:00,24,Kardinia Park,Geelong,Richmond,41.7,0.872,Geelong by 42,0,2026-03-12 14:49:00,NA,NA,NA,NA,NA,NA,NA,NA,NA,NA,NA,NA,NA,NA,NA,NA,NA,NA,NA,NA,NA,NA,NA,NA
2026,17041,2026-08-17,"Mon, 17",00:00:00,24,M.C.G.,Melbourne,Footscray,-12.5,0.364,Footscray by 12,0,2026-03-12 14:49:00,NA,NA,NA,NA,NA,NA,NA,NA,NA,NA,NA,NA,NA,NA,NA,NA,NA,NA,NA,NA,NA,NA,NA,NA
2026,17042,2026-08-17,"Mon, 17",00:00:00,24,Docklands,St Kilda,Gold Coast,-6.8,0.429,Gold Coast by 7,0,2026-03-12 14:49:00,NA,NA,NA,NA,NA,NA,NA,NA,NA,NA,NA,NA,NA,NA,NA,NA,NA,NA,NA,NA,NA,NA,NA,NA
2026,17043,2026-08-17,"Mon, 17",00:00:00,24,S.C.G.,Sydney,North Melbourne,34.1,0.829,Sydney by 34,0,2026-03-12 14:49:00,NA,NA,NA,NA,NA,NA,NA,NA,NA,NA,NA,NA,NA,NA,NA,NA,NA,NA,NA,NA,NA,NA,NA,NA
2026,17044,2026-08-17,"Mon, 17",00:00:00,24,Adelaide Oval,Adelaide,GWS,8.7,0.619,Adelaide by 9,0,2026-03-12 14:49:00,NA,NA,NA,NA,NA,NA,NA,NA,NA,NA,NA,NA,NA,NA,NA,NA,NA,NA,NA,NA,NA,NA,NA,NA
2026,17045,2026-08-17,"Mon, 17",00:00:00,24,Perth Stadium,West Coast,Hawthorn,-24,0.258,Hawthorn by 24,0,2026-03-12 14:49:00,NA,NA,NA,NA,NA,NA,NA,NA,NA,NA,NA,NA,NA,NA,NA,NA,NA,NA,NA,NA,NA,NA,NA,NA
2026,16848,2026-03-14,"Sat, 14",00:00,1,S.C.G.,Sydney,Brisbane Lions,10.2,0.635,Sydney by 10,1,2026-03-14 08:28,NA,NA,NA,NA,NA,NA,NA,NA,NA,NA,NA,NA,NA,NA,NA,NA,NA,NA,NA,NA,NA,NA,NA,NA
2026,16849,2026-03-14,"Sat, 14",00:00,1,M.C.G.,Collingwood,Adelaide,5,0.576,Collingwood by 5,1,2026-03-14 08:28,NA,NA,NA,NA,NA,NA,NA,NA,NA,NA,NA,NA,NA,NA,NA,NA,NA,NA,NA,NA,NA,NA,NA,NA
2026,16850,2026-03-15,"Sun, 15",00:00,1,Docklands,North Melbourne,Port Adelaide,-4.7,0.454,Port Adelaide by 5,1,2026-03-14 08:28,NA,NA,NA,NA,NA,NA,NA,NA,NA,NA,NA,NA,NA,NA,NA,NA,NA,NA,NA,NA,NA,NA,NA,NA
2026,16851,2026-03-15,"Sun, 15",00:00,1,M.C.G.,Melbourne,St Kilda,2,0.539,Melbourne by 2,1,2026-03-14 08:28,NA,NA,NA,NA,NA,NA,NA,NA,NA,NA,NA,NA,NA,NA,NA,NA,NA,NA,NA,NA,NA,NA,NA,NA
2026,16852,2026-03-15,"Sun, 15",00:00,1,People First Stadium,Gold Coast,West Coast,33.8,0.827,Gold Coast by 34,1,2026-03-14 08:28,NA,NA,NA,NA,NA,NA,NA,NA,NA,NA,NA,NA,NA,NA,NA,NA,NA,NA,NA,NA,NA,NA,NA,NA
2026,16853,2026-03-19,"Thu, 19",00:00,2,M.C.G.,Hawthorn,Sydney,8.6,0.617,Hawthorn by 9,1,2026-03-14 08:28,NA,NA,NA,NA,NA,NA,NA,NA,NA,NA,NA,NA,NA,NA,NA,NA,NA,NA,NA,NA,NA,NA,NA,NA
2026,16854,2026-03-20,"Fri, 20",00:00,2,Adelaide Oval,Adelaide,Footscray,7.8,0.608,Adelaide by 8,1,2026-03-14 08:28,NA,NA,NA,NA,NA,NA,NA,NA,NA,NA,NA,NA,NA,NA,NA,NA,NA,NA,NA,NA,NA,NA,NA,NA
2026,16855,2026-03-21,"Sat, 21",00:00,2,M.C.G.,Richmond,Gold Coast,-15.5,0.333,Gold Coast by 16,1,2026-03-14 08:28,NA,NA,NA,NA,NA,NA,NA,NA,NA,NA,NA,NA,NA,NA,NA,NA,NA,NA,NA,NA,NA,NA,NA,NA
2026,16856,2026-03-21,"Sat, 21",00:00,2,ENGIE Stadium,GWS,St Kilda,14,0.674,GWS by 14,1,2026-03-14 08:28,NA,NA,NA,NA,NA,NA,NA,NA,NA,NA,NA,NA,NA,NA,NA,NA,NA,NA,NA,NA,NA,NA,NA,NA
2026,16857,2026-03-21,"Sat, 21",00:00,2,Perth Stadium,Fremantle,Melbourne,26.8,0.781,Fremantle by 27,1,2026-03-14 08:28,NA,NA,NA,NA,NA,NA,NA,NA,NA,NA,NA,NA,NA,NA,NA,NA,NA,NA,NA,NA,NA,NA,NA,NA
2026,16858,2026-03-22,"Sun, 22",00:00,2,Adelaide Oval,Port Adelaide,Essendon,22.3,0.747,Port Adelaide by 22,1,2026-03-14 08:28,NA,NA,NA,NA,NA,NA,NA,NA,NA,NA,NA,NA,NA,NA,NA,NA,NA,NA,NA,NA,NA,NA,NA,NA
2026,16859,2026-03-22,"Sun, 22",00:00,2,Perth Stadium,West Coast,North Melbourne,-2.1,0.487,North Melbourne by 2,1,2026-03-14 08:28,NA,NA,NA,NA,NA,NA,NA,NA,NA,NA,NA,NA,NA,NA,NA,NA,NA,NA,NA,NA,NA,NA,NA,NA
2026,16860,2026-03-26,"Thu, 26",00:00,3,Kardinia Park,Geelong,Adelaide,10,0.633,Geelong by 10,1,2026-03-14 08:28,NA,NA,NA,NA,NA,NA,NA,NA,NA,NA,NA,NA,NA,NA,NA,NA,NA,NA,NA,NA,NA,NA,NA,NA
2026,16861,2026-03-27,"Fri, 27",00:00,3,Docklands,Collingwood,GWS,-1.9,0.49,GWS by 2,1,2026-03-14 08:28,NA,NA,NA,NA,NA,NA,NA,NA,NA,NA,NA,NA,NA,NA,NA,NA,NA,NA,NA,NA,NA,NA,NA,NA
2026,16862,2026-03-28,"Sat, 28",00:00,3,Docklands,St Kilda,Brisbane Lions,-7.4,0.421,Brisbane Lions by 7,1,2026-03-14 08:28,NA,NA,NA,NA,NA,NA,NA,NA,NA,NA,NA,NA,NA,NA,NA,NA,NA,NA,NA,NA,NA,NA,NA,NA
2026,16863,2026-03-28,"Sat, 28",00:00,3,Perth Stadium,Fremantle,Richmond,38,0.852,Fremantle by 38,1,2026-03-14 08:28,NA,NA,NA,NA,NA,NA,NA,NA,NA,NA,NA,NA,NA,NA,NA,NA,NA,NA,NA,NA,NA,NA,NA,NA
2026,16864,2026-03-28,"Sat, 28",00:00,3,Docklands,Essendon,North Melbourne,-2.8,0.478,North Melbourne by 3,1,2026-03-14 08:28,NA,NA,NA,NA,NA,NA,NA,NA,NA,NA,NA,NA,NA,NA,NA,NA,NA,NA,NA,NA,NA,NA,NA,NA
2026,16865,2026-03-29,"Sun, 29",00:00,3,Adelaide Oval,Port Adelaide,West Coast,31.3,0.811,Port Adelaide by 31,1,2026-03-14 08:28,NA,NA,NA,NA,NA,NA,NA,NA,NA,NA,NA,NA,NA,NA,NA,NA,NA,NA,NA,NA,NA,NA,NA,NA
2026,16866,2026-03-29,"Sun, 29",00:00,3,M.C.G.,Carlton,Melbourne,4.2,0.566,Carlton by 4,1,2026-03-14 08:28,NA,NA,NA,NA,NA,NA,NA,NA,NA,NA,NA,NA,NA,NA,NA,NA,NA,NA,NA,NA,NA,NA,NA,NA
2026,16867,2026-04-02,"Thu, 02",00:00,4,Gabba,Brisbane Lions,Collingwood,10.2,0.635,Brisbane Lions by 10,1,2026-03-14 08:28,NA,NA,NA,NA,NA,NA,NA,NA,NA,NA,NA,NA,NA,NA,NA,NA,NA,NA,NA,NA,NA,NA,NA,NA
2026,16868,2026-04-03,"Fri, 03",00:00,4,Docklands,North Melbourne,Carlton,-10,0.391,Carlton by 10,1,2026-03-14 08:28,NA,NA,NA,NA,NA,NA,NA,NA,NA,NA,NA,NA,NA,NA,NA,NA,NA,NA,NA,NA,NA,NA,NA,NA
2026,16869,2026-04-03,"Fri, 03",00:00,4,Adelaide Oval,Adelaide,Fremantle,14.6,0.68,Adelaide by 15,1,2026-03-14 08:28,NA,NA,NA,NA,NA,NA,NA,NA,NA,NA,NA,NA,NA,NA,NA,NA,NA,NA,NA,NA,NA,NA,NA,NA
2026,16870,2026-04-04,"Sat, 04",00:00,4,M.C.G.,Richmond,Port Adelaide,-9.1,0.402,Port Adelaide by 9,1,2026-03-14 08:28,NA,NA,NA,NA,NA,NA,NA,NA,NA,NA,NA,NA,NA,NA,NA,NA,NA,NA,NA,NA,NA,NA,NA,NA
2026,16871,2026-04-04,"Sat, 04",00:00,4,Perth Stadium,West Coast,Sydney,-22,0.274,Sydney by 22,1,2026-03-14 08:28,NA,NA,NA,NA,NA,NA,NA,NA,NA,NA,NA,NA,NA,NA,NA,NA,NA,NA,NA,NA,NA,NA,NA,NA
2026,16872,2026-04-05,"Sun, 05",00:00,4,M.C.G.,Melbourne,Gold Coast,-6.8,0.429,Gold Coast by 7,1,2026-03-14 08:28,NA,NA,NA,NA,NA,NA,NA,NA,NA,NA,NA,NA,NA,NA,NA,NA,NA,NA,NA,NA,NA,NA,NA,NA
2026,16873,2026-04-05,"Sun, 05",00:00,4,Docklands,Footscray,Essendon,30.5,0.806,Footscray by 30,1,2026-03-14 08:28,NA,NA,NA,NA,NA,NA,NA,NA,NA,NA,NA,NA,NA,NA,NA,NA,NA,NA,NA,NA,NA,NA,NA,NA
2026,16874,2026-04-06,"Mon, 06",00:00,4,M.C.G.,Hawthorn,Geelong,-1.2,0.498,Geelong by 1,1,2026-03-14 08:28,NA,NA,NA,NA,NA,NA,NA,NA,NA,NA,NA,NA,NA,NA,NA,NA,NA,NA,NA,NA,NA,NA,NA,NA
2026,16875,2026-04-09,"Thu, 09",00:00,5,Adelaide Oval,Adelaide,Carlton,24.8,0.766,Adelaide by 25,1,2026-03-14 08:28,NA,NA,NA,NA,NA,NA,NA,NA,NA,NA,NA,NA,NA,NA,NA,NA,NA,NA,NA,NA,NA,NA,NA,NA
2026,16876,2026-04-10,"Fri, 10",00:00,5,Adelaide Oval,Collingwood,Fremantle,1.7,0.535,Collingwood by 2,1,2026-03-14 08:28,NA,NA,NA,NA,NA,NA,NA,NA,NA,NA,NA,NA,NA,NA,NA,NA,NA,NA,NA,NA,NA,NA,NA,NA
2026,16877,2026-04-11,"Sat, 11",00:00,5,Barossa Park,North Melbourne,Brisbane Lions,-25.9,0.243,Brisbane Lions by 26,1,2026-03-14 08:28,NA,NA,NA,NA,NA,NA,NA,NA,NA,NA,NA,NA,NA,NA,NA,NA,NA,NA,NA,NA,NA,NA,NA,NA
2026,16878,2026-04-11,"Sat, 11",00:00,5,Adelaide Oval,Essendon,Melbourne,-6.9,0.428,Melbourne by 7,1,2026-03-14 08:28,NA,NA,NA,NA,NA,NA,NA,NA,NA,NA,NA,NA,NA,NA,NA,NA,NA,NA,NA,NA,NA,NA,NA,NA
2026,16879,2026-04-11,"Sat, 11",00:00,5,Norwood Oval,Sydney,Gold Coast,-6.4,0.433,Gold Coast by 6,1,2026-03-14 08:28,NA,NA,NA,NA,NA,NA,NA,NA,NA,NA,NA,NA,NA,NA,NA,NA,NA,NA,NA,NA,NA,NA,NA,NA
2026,16880,2026-04-11,"Sat, 11",00:00,5,Adelaide Oval,Hawthorn,Footscray,-3.2,0.473,Footscray by 3,1,2026-03-14 08:28,NA,NA,NA,NA,NA,NA,NA,NA,NA,NA,NA,NA,NA,NA,NA,NA,NA,NA,NA,NA,NA,NA,NA,NA
2026,16881,2026-04-12,"Sun, 12",00:00,5,Norwood Oval,Geelong,West Coast,38.9,0.857,Geelong by 39,1,2026-03-14 08:28,NA,NA,NA,NA,NA,NA,NA,NA,NA,NA,NA,NA,NA,NA,NA,NA,NA,NA,NA,NA,NA,NA,NA,NA
2026,16882,2026-04-12,"Sun, 12",00:00,5,Barossa Park,GWS,Richmond,30.2,0.804,GWS by 30,1,2026-03-14 08:28,NA,NA,NA,NA,NA,NA,NA,NA,NA,NA,NA,NA,NA,NA,NA,NA,NA,NA,NA,NA,NA,NA,NA,NA
2026,16883,2026-04-12,"Sun, 12",00:00,5,Adelaide Oval,Port Adelaide,St Kilda,10.8,0.641,Port Adelaide by 11,1,2026-03-14 08:28,NA,NA,NA,NA,NA,NA,NA,NA,NA,NA,NA,NA,NA,NA,NA,NA,NA,NA,NA,NA,NA,NA,NA,NA
2026,16884,2026-04-16,"Thu, 16",00:00,6,M.C.G.,Carlton,Collingwood,-15.1,0.337,Collingwood by 15,1,2026-03-14 08:28,NA,NA,NA,NA,NA,NA,NA,NA,NA,NA,NA,NA,NA,NA,NA,NA,NA,NA,NA,NA,NA,NA,NA,NA
2026,16885,2026-04-17,"Fri, 17",00:00,6,Kardinia Park,Geelong,Footscray,7.7,0.607,Geelong by 8,1,2026-03-14 08:28,NA,NA,NA,NA,NA,NA,NA,NA,NA,NA,NA,NA,NA,NA,NA,NA,NA,NA,NA,NA,NA,NA,NA,NA
2026,16886,2026-04-17,"Fri, 17",00:00,6,S.C.G.,Sydney,GWS,4.1,0.565,Sydney by 4,1,2026-03-14 08:28,NA,NA,NA,NA,NA,NA,NA,NA,NA,NA,NA,NA,NA,NA,NA,NA,NA,NA,NA,NA,NA,NA,NA,NA
2026,16887,2026-04-18,"Sat, 18",00:00,6,People First Stadium,Gold Coast,Essendon,25.9,0.774,Gold Coast by 26,1,2026-03-14 08:28,NA,NA,NA,NA,NA,NA,NA,NA,NA,NA,NA,NA,NA,NA,NA,NA,NA,NA,NA,NA,NA,NA,NA,NA
2026,16888,2026-04-18,"Sat, 18",00:00,6,Docklands,Hawthorn,Port Adelaide,13.5,0.669,Hawthorn by 14,1,2026-03-14 08:28,NA,NA,NA,NA,NA,NA,NA,NA,NA,NA,NA,NA,NA,NA,NA,NA,NA,NA,NA,NA,NA,NA,NA,NA
2026,16889,2026-04-18,"Sat, 18",00:00,6,Adelaide Oval,Adelaide,St Kilda,26.8,0.781,Adelaide by 27,1,2026-03-14 08:28,NA,NA,NA,NA,NA,NA,NA,NA,NA,NA,NA,NA,NA,NA,NA,NA,NA,NA,NA,NA,NA,NA,NA,NA
2026,16890,2026-04-19,"Sun, 19",00:00,6,Docklands,North Melbourne,Richmond,10.2,0.635,North Melbourne by 10,1,2026-03-14 08:28,NA,NA,NA,NA,NA,NA,NA,NA,NA,NA,NA,NA,NA,NA,NA,NA,NA,NA,NA,NA,NA,NA,NA,NA
2026,16891,2026-04-19,"Sun, 19",00:00,6,M.C.G.,Melbourne,Brisbane Lions,-14.6,0.342,Brisbane Lions by 15,1,2026-03-14 08:28,NA,NA,NA,NA,NA,NA,NA,NA,NA,NA,NA,NA,NA,NA,NA,NA,NA,NA,NA,NA,NA,NA,NA,NA
2026,16892,2026-04-19,"Sun, 19",00:00,6,Perth Stadium,West Coast,Fremantle,-36.6,0.171,Fremantle by 37,1,2026-03-14 08:28,NA,NA,NA,NA,NA,NA,NA,NA,NA,NA,NA,NA,NA,NA,NA,NA,NA,NA,NA,NA,NA,NA,NA,NA
2026,16893,2026-04-23,"Thu, 23",00:00,7,Docklands,Footscray,Sydney,14.2,0.676,Footscray by 14,1,2026-03-14 08:28,NA,NA,NA,NA,NA,NA,NA,NA,NA,NA,NA,NA,NA,NA,NA,NA,NA,NA,NA,NA,NA,NA,NA,NA
2026,16894,2026-04-24,"Fri, 24",00:00,7,M.C.G.,Richmond,Melbourne,-10.3,0.388,Melbourne by 10,1,2026-03-14 08:28,NA,NA,NA,NA,NA,NA,NA,NA,NA,NA,NA,NA,NA,NA,NA,NA,NA,NA,NA,NA,NA,NA,NA,NA
2026,16895,2026-04-25,"Sat, 25",00:00,7,York Park,Hawthorn,Gold Coast,12,0.654,Hawthorn by 12,1,2026-03-14 08:28,NA,NA,NA,NA,NA,NA,NA,NA,NA,NA,NA,NA,NA,NA,NA,NA,NA,NA,NA,NA,NA,NA,NA,NA
2026,16896,2026-04-25,"Sat, 25",00:00,7,M.C.G.,Essendon,Collingwood,-29.8,0.215,Collingwood by 30,1,2026-03-14 08:28,NA,NA,NA,NA,NA,NA,NA,NA,NA,NA,NA,NA,NA,NA,NA,NA,NA,NA,NA,NA,NA,NA,NA,NA
2026,16897,2026-04-25,"Sat, 25",00:00,7,Adelaide Oval,Port Adelaide,Geelong,-6.5,0.432,Geelong by 6,1,2026-03-14 08:28,NA,NA,NA,NA,NA,NA,NA,NA,NA,NA,NA,NA,NA,NA,NA,NA,NA,NA,NA,NA,NA,NA,NA,NA
2026,16898,2026-04-25,"Sat, 25",00:00,7,Perth Stadium,Fremantle,Carlton,19.5,0.724,Fremantle by 20,1,2026-03-14 08:28,NA,NA,NA,NA,NA,NA,NA,NA,NA,NA,NA,NA,NA,NA,NA,NA,NA,NA,NA,NA,NA,NA,NA,NA
2026,16899,2026-04-26,"Sun, 26",00:00,7,Docklands,St Kilda,West Coast,27,0.782,St Kilda by 27,1,2026-03-14 08:28,NA,NA,NA,NA,NA,NA,NA,NA,NA,NA,NA,NA,NA,NA,NA,NA,NA,NA,NA,NA,NA,NA,NA,NA
2026,16900,2026-04-26,"Sun, 26",00:00,7,Gabba,Brisbane Lions,Adelaide,9.8,0.631,Brisbane Lions by 10,1,2026-03-14 08:28,NA,NA,NA,NA,NA,NA,NA,NA,NA,NA,NA,NA,NA,NA,NA,NA,NA,NA,NA,NA,NA,NA,NA,NA
2026,16901,2026-04-26,"Sun, 26",00:00,7,Corroboree Group Oval Manuka,GWS,North Melbourne,24.1,0.761,GWS by 24,1,2026-03-14 08:28,NA,NA,NA,NA,NA,NA,NA,NA,NA,NA,NA,NA,NA,NA,NA,NA,NA,NA,NA,NA,NA,NA,NA,NA
2026,16902,2026-04-30,"Thu, 30",00:00,8,M.C.G.,Collingwood,Hawthorn,0.4,0.519,Collingwood by 0,1,2026-03-14 08:28,NA,NA,NA,NA,NA,NA,NA,NA,NA,NA,NA,NA,NA,NA,NA,NA,NA,NA,NA,NA,NA,NA,NA,NA
2026,16903,2026-05-01,"Fri, 01",00:00,8,Docklands,Footscray,Fremantle,11.3,0.647,Footscray by 11,1,2026-03-14 08:28,NA,NA,NA,NA,NA,NA,NA,NA,NA,NA,NA,NA,NA,NA,NA,NA,NA,NA,NA,NA,NA,NA,NA,NA
2026,16904,2026-05-01,"Fri, 01",00:00,8,Adelaide Oval,Adelaide,Port Adelaide,13.8,0.672,Adelaide by 14,1,2026-03-14 08:28,NA,NA,NA,NA,NA,NA,NA,NA,NA,NA,NA,NA,NA,NA,NA,NA,NA,NA,NA,NA,NA,NA,NA,NA
2026,16905,2026-05-02,"Sat, 02",00:00,8,Docklands,Essendon,Brisbane Lions,-20.2,0.289,Brisbane Lions by 20,1,2026-03-14 08:28,NA,NA,NA,NA,NA,NA,NA,NA,NA,NA,NA,NA,NA,NA,NA,NA,NA,NA,NA,NA,NA,NA,NA,NA
2026,16906,2026-05-02,"Sat, 02",00:00,8,Perth Stadium,West Coast,Richmond,2.2,0.541,West Coast by 2,1,2026-03-14 08:28,NA,NA,NA,NA,NA,NA,NA,NA,NA,NA,NA,NA,NA,NA,NA,NA,NA,NA,NA,NA,NA,NA,NA,NA
2026,16907,2026-05-02,"Sat, 02",00:00,8,Kardinia Park,Geelong,North Melbourne,39.1,0.858,Geelong by 39,1,2026-03-14 08:28,NA,NA,NA,NA,NA,NA,NA,NA,NA,NA,NA,NA,NA,NA,NA,NA,NA,NA,NA,NA,NA,NA,NA,NA
2026,16908,2026-05-02,"Sat, 02",00:00,8,Docklands,Carlton,St Kilda,-1.9,0.49,St Kilda by 2,1,2026-03-14 08:28,NA,NA,NA,NA,NA,NA,NA,NA,NA,NA,NA,NA,NA,NA,NA,NA,NA,NA,NA,NA,NA,NA,NA,NA
2026,16909,2026-05-03,"Sun, 03",00:00,8,S.C.G.,Sydney,Melbourne,29.7,0.801,Sydney by 30,1,2026-03-14 08:28,NA,NA,NA,NA,NA,NA,NA,NA,NA,NA,NA,NA,NA,NA,NA,NA,NA,NA,NA,NA,NA,NA,NA,NA
2026,16910,2026-05-03,"Sun, 03",00:00,8,People First Stadium,Gold Coast,GWS,1.5,0.533,Gold Coast by 2,1,2026-03-14 08:28,NA,NA,NA,NA,NA,NA,NA,NA,NA,NA,NA,NA,NA,NA,NA,NA,NA,NA,NA,NA,NA,NA,NA,NA
2026,16911,2026-05-07,"Thu, 07",00:00,9,Perth Stadium,Fremantle,Hawthorn,8.1,0.612,Fremantle by 8,1,2026-03-14 08:28,NA,NA,NA,NA,NA,NA,NA,NA,NA,NA,NA,NA,NA,NA,NA,NA,NA,NA,NA,NA,NA,NA,NA,NA
2026,16912,2026-05-08,"Fri, 08",00:00,9,Gabba,Brisbane Lions,Carlton,23.4,0.756,Brisbane Lions by 23,1,2026-03-14 08:28,NA,NA,NA,NA,NA,NA,NA,NA,NA,NA,NA,NA,NA,NA,NA,NA,NA,NA,NA,NA,NA,NA,NA,NA
2026,16913,2026-05-08,"Fri, 08",00:00,9,Adelaide Oval,Port Adelaide,Footscray,-7,0.426,Footscray by 7,1,2026-03-14 08:28,NA,NA,NA,NA,NA,NA,NA,NA,NA,NA,NA,NA,NA,NA,NA,NA,NA,NA,NA,NA,NA,NA,NA,NA
2026,16914,2026-05-09,"Sat, 09",00:00,9,Docklands,North Melbourne,Sydney,-13.8,0.35,Sydney by 14,1,2026-03-14 08:28,NA,NA,NA,NA,NA,NA,NA,NA,NA,NA,NA,NA,NA,NA,NA,NA,NA,NA,NA,NA,NA,NA,NA,NA
2026,16915,2026-05-09,"Sat, 09",00:00,9,ENGIE Stadium,GWS,Essendon,29,0.796,GWS by 29,1,2026-03-14 08:28,NA,NA,NA,NA,NA,NA,NA,NA,NA,NA,NA,NA,NA,NA,NA,NA,NA,NA,NA,NA,NA,NA,NA,NA
2026,16916,2026-05-09,"Sat, 09",00:00,9,Marrara Oval,Gold Coast,St Kilda,23.2,0.754,Gold Coast by 23,1,2026-03-14 08:28,NA,NA,NA,NA,NA,NA,NA,NA,NA,NA,NA,NA,NA,NA,NA,NA,NA,NA,NA,NA,NA,NA,NA,NA
2026,16917,2026-05-09,"Sat, 09",00:00,9,M.C.G.,Geelong,Collingwood,-2.2,0.486,Collingwood by 2,1,2026-03-14 08:28,NA,NA,NA,NA,NA,NA,NA,NA,NA,NA,NA,NA,NA,NA,NA,NA,NA,NA,NA,NA,NA,NA,NA,NA
2026,16918,2026-05-10,"Sun, 10",00:00,9,Docklands,Melbourne,West Coast,10.6,0.639,Melbourne by 11,1,2026-03-14 08:28,NA,NA,NA,NA,NA,NA,NA,NA,NA,NA,NA,NA,NA,NA,NA,NA,NA,NA,NA,NA,NA,NA,NA,NA
2026,16919,2026-05-10,"Sun, 10",00:00,9,M.C.G.,Richmond,Adelaide,-24.2,0.256,Adelaide by 24,1,2026-03-14 08:28,NA,NA,NA,NA,NA,NA,NA,NA,NA,NA,NA,NA,NA,NA,NA,NA,NA,NA,NA,NA,NA,NA,NA,NA
2026,16920,2026-05-14,"Thu, 14",00:00,10,Gabba,Brisbane Lions,Geelong,8.4,0.615,Brisbane Lions by 8,1,2026-03-14 08:28,NA,NA,NA,NA,NA,NA,NA,NA,NA,NA,NA,NA,NA,NA,NA,NA,NA,NA,NA,NA,NA,NA,NA,NA
2026,16921,2026-05-15,"Fri, 15",00:00,10,S.C.G.,Sydney,Collingwood,6.9,0.598,Sydney by 7,1,2026-03-14 08:28,NA,NA,NA,NA,NA,NA,NA,NA,NA,NA,NA,NA,NA,NA,NA,NA,NA,NA,NA,NA,NA,NA,NA,NA
2026,16922,2026-05-15,"Fri, 15",00:00,10,Marrara Oval,Gold Coast,Port Adelaide,21.2,0.738,Gold Coast by 21,1,2026-03-14 08:28,NA,NA,NA,NA,NA,NA,NA,NA,NA,NA,NA,NA,NA,NA,NA,NA,NA,NA,NA,NA,NA,NA,NA,NA
2026,16923,2026-05-16,"Sat, 16",00:00,10,Adelaide Oval,Adelaide,North Melbourne,40,0.863,Adelaide by 40,1,2026-03-14 08:28,NA,NA,NA,NA,NA,NA,NA,NA,NA,NA,NA,NA,NA,NA,NA,NA,NA,NA,NA,NA,NA,NA,NA,NA
2026,16924,2026-05-16,"Sat, 16",00:00,10,M.C.G.,Melbourne,Hawthorn,-19.4,0.296,Hawthorn by 19,1,2026-03-14 08:28,NA,NA,NA,NA,NA,NA,NA,NA,NA,NA,NA,NA,NA,NA,NA,NA,NA,NA,NA,NA,NA,NA,NA,NA
2026,16925,2026-05-16,"Sat, 16",00:00,10,Docklands,Carlton,Footscray,-20.1,0.29,Footscray by 20,1,2026-03-14 08:28,NA,NA,NA,NA,NA,NA,NA,NA,NA,NA,NA,NA,NA,NA,NA,NA,NA,NA,NA,NA,NA,NA,NA,NA
2026,16926,2026-05-17,"Sun, 17",00:00,10,M.C.G.,Essendon,Fremantle,-17.5,0.314,Fremantle by 18,1,2026-03-14 08:28,NA,NA,NA,NA,NA,NA,NA,NA,NA,NA,NA,NA,NA,NA,NA,NA,NA,NA,NA,NA,NA,NA,NA,NA
2026,16927,2026-05-17,"Sun, 17",00:00,10,Docklands,St Kilda,Richmond,21,0.737,St Kilda by 21,1,2026-03-14 08:28,NA,NA,NA,NA,NA,NA,NA,NA,NA,NA,NA,NA,NA,NA,NA,NA,NA,NA,NA,NA,NA,NA,NA,NA
2026,16928,2026-05-17,"Sun, 17",00:00,10,Perth Stadium,West Coast,GWS,-24.6,0.253,GWS by 25,1,2026-03-14 08:28,NA,NA,NA,NA,NA,NA,NA,NA,NA,NA,NA,NA,NA,NA,NA,NA,NA,NA,NA,NA,NA,NA,NA,NA
2026,16929,2026-05-21,"Thu, 21",00:00,11,York Park,Hawthorn,Adelaide,5.1,0.577,Hawthorn by 5,1,2026-03-14 08:28,NA,NA,NA,NA,NA,NA,NA,NA,NA,NA,NA,NA,NA,NA,NA,NA,NA,NA,NA,NA,NA,NA,NA,NA
2026,16930,2026-05-22,"Fri, 22",00:00,11,M.C.G.,Richmond,Essendon,-3,0.475,Essendon by 3,1,2026-03-14 08:28,NA,NA,NA,NA,NA,NA,NA,NA,NA,NA,NA,NA,NA,NA,NA,NA,NA,NA,NA,NA,NA,NA,NA,NA
2026,16931,2026-05-22,"Fri, 22",00:00,11,Perth Stadium,Fremantle,St Kilda,23.4,0.756,Fremantle by 23,1,2026-03-14 08:28,NA,NA,NA,NA,NA,NA,NA,NA,NA,NA,NA,NA,NA,NA,NA,NA,NA,NA,NA,NA,NA,NA,NA,NA
2026,16932,2026-05-23,"Sat, 23",00:00,11,Docklands,North Melbourne,Gold Coast,-16.9,0.319,Gold Coast by 17,1,2026-03-14 08:28,NA,NA,NA,NA,NA,NA,NA,NA,NA,NA,NA,NA,NA,NA,NA,NA,NA,NA,NA,NA,NA,NA,NA,NA
2026,16933,2026-05-23,"Sat, 23",00:00,11,Kardinia Park,Geelong,Sydney,21.4,0.74,Geelong by 21,1,2026-03-14 08:28,NA,NA,NA,NA,NA,NA,NA,NA,NA,NA,NA,NA,NA,NA,NA,NA,NA,NA,NA,NA,NA,NA,NA,NA
2026,16934,2026-05-23,"Sat, 23",00:00,11,M.C.G.,Collingwood,West Coast,47.6,0.902,Collingwood by 48,1,2026-03-14 08:28,NA,NA,NA,NA,NA,NA,NA,NA,NA,NA,NA,NA,NA,NA,NA,NA,NA,NA,NA,NA,NA,NA,NA,NA
2026,16935,2026-05-23,"Sat, 23",00:00,11,Adelaide Oval,Port Adelaide,Carlton,7.9,0.61,Port Adelaide by 8,1,2026-03-14 08:28,NA,NA,NA,NA,NA,NA,NA,NA,NA,NA,NA,NA,NA,NA,NA,NA,NA,NA,NA,NA,NA,NA,NA,NA
2026,16936,2026-05-24,"Sun, 24",00:00,11,ENGIE Stadium,GWS,Brisbane Lions,4.7,0.572,GWS by 5,1,2026-03-14 08:28,NA,NA,NA,NA,NA,NA,NA,NA,NA,NA,NA,NA,NA,NA,NA,NA,NA,NA,NA,NA,NA,NA,NA,NA
2026,16937,2026-05-24,"Sun, 24",00:00,11,Docklands,Footscray,Melbourne,33.2,0.823,Footscray by 33,1,2026-03-14 08:28,NA,NA,NA,NA,NA,NA,NA,NA,NA,NA,NA,NA,NA,NA,NA,NA,NA,NA,NA,NA,NA,NA,NA,NA
2026,16938,2026-05-28,"Thu, 28",00:00,12,Docklands,St Kilda,Hawthorn,-9.3,0.399,Hawthorn by 9,1,2026-03-14 08:28,NA,NA,NA,NA,NA,NA,NA,NA,NA,NA,NA,NA,NA,NA,NA,NA,NA,NA,NA,NA,NA,NA,NA,NA
2026,16939,2026-05-29,"Fri, 29",00:00,12,M.C.G.,Carlton,Geelong,-14.2,0.346,Geelong by 14,1,2026-03-14 08:28,NA,NA,NA,NA,NA,NA,NA,NA,NA,NA,NA,NA,NA,NA,NA,NA,NA,NA,NA,NA,NA,NA,NA,NA
2026,16940,2026-05-30,"Sat, 30",00:00,12,S.C.G.,Sydney,Richmond,42,0.874,Sydney by 42,1,2026-03-14 08:28,NA,NA,NA,NA,NA,NA,NA,NA,NA,NA,NA,NA,NA,NA,NA,NA,NA,NA,NA,NA,NA,NA,NA,NA
2026,16941,2026-05-30,"Sat, 30",00:00,12,Gabba,Brisbane Lions,Fremantle,16.9,0.701,Brisbane Lions by 17,1,2026-03-14 08:28,NA,NA,NA,NA,NA,NA,NA,NA,NA,NA,NA,NA,NA,NA,NA,NA,NA,NA,NA,NA,NA,NA,NA,NA
2026,16942,2026-05-30,"Sat, 30",00:00,12,Docklands,Footscray,Collingwood,10.5,0.638,Footscray by 10,1,2026-03-14 08:28,NA,NA,NA,NA,NA,NA,NA,NA,NA,NA,NA,NA,NA,NA,NA,NA,NA,NA,NA,NA,NA,NA,NA,NA
2026,16943,2026-05-31,"Sun, 31",00:00,12,TIO Traeger Park,Melbourne,GWS,-21.6,0.277,GWS by 22,1,2026-03-14 08:28,NA,NA,NA,NA,NA,NA,NA,NA,NA,NA,NA,NA,NA,NA,NA,NA,NA,NA,NA,NA,NA,NA,NA,NA
2026,16944,2026-05-31,"Sun, 31",00:00,12,Perth Stadium,West Coast,Essendon,-1.5,0.495,Essendon by 2,1,2026-03-14 08:28,NA,NA,NA,NA,NA,NA,NA,NA,NA,NA,NA,NA,NA,NA,NA,NA,NA,NA,NA,NA,NA,NA,NA,NA
2026,16945,2026-06-04,"Thu, 04",00:00,13,Adelaide Oval,Adelaide,Geelong,7.3,0.603,Adelaide by 7,1,2026-03-14 08:28,NA,NA,NA,NA,NA,NA,NA,NA,NA,NA,NA,NA,NA,NA,NA,NA,NA,NA,NA,NA,NA,NA,NA,NA
2026,16946,2026-06-05,"Fri, 05",00:00,13,M.C.G.,Hawthorn,Footscray,3.2,0.554,Hawthorn by 3,1,2026-03-14 08:28,NA,NA,NA,NA,NA,NA,NA,NA,NA,NA,NA,NA,NA,NA,NA,NA,NA,NA,NA,NA,NA,NA,NA,NA
2026,16947,2026-06-06,"Sat, 06",00:00,13,Hands Oval,North Melbourne,Fremantle,-19.7,0.294,Fremantle by 20,1,2026-03-14 08:28,NA,NA,NA,NA,NA,NA,NA,NA,NA,NA,NA,NA,NA,NA,NA,NA,NA,NA,NA,NA,NA,NA,NA,NA
2026,16948,2026-06-06,"Sat, 06",00:00,13,People First Stadium,Gold Coast,Brisbane Lions,3.4,0.556,Gold Coast by 3,1,2026-03-14 08:28,NA,NA,NA,NA,NA,NA,NA,NA,NA,NA,NA,NA,NA,NA,NA,NA,NA,NA,NA,NA,NA,NA,NA,NA
2026,16949,2026-06-06,"Sat, 06",00:00,13,Perth Stadium,West Coast,Port Adelaide,-11.6,0.374,Port Adelaide by 12,1,2026-03-14 08:28,NA,NA,NA,NA,NA,NA,NA,NA,NA,NA,NA,NA,NA,NA,NA,NA,NA,NA,NA,NA,NA,NA,NA,NA
2026,16950,2026-06-07,"Sun, 07",00:00,13,S.C.G.,Sydney,St Kilda,24,0.76,Sydney by 24,1,2026-03-14 08:28,NA,NA,NA,NA,NA,NA,NA,NA,NA,NA,NA,NA,NA,NA,NA,NA,NA,NA,NA,NA,NA,NA,NA,NA
2026,16951,2026-06-07,"Sun, 07",00:00,13,M.C.G.,Essendon,Carlton,-13.8,0.35,Carlton by 14,1,2026-03-14 08:28,NA,NA,NA,NA,NA,NA,NA,NA,NA,NA,NA,NA,NA,NA,NA,NA,NA,NA,NA,NA,NA,NA,NA,NA
2026,16952,2026-06-08,"Mon, 08",00:00,13,M.C.G.,Collingwood,Melbourne,19.1,0.721,Collingwood by 19,1,2026-03-14 08:28,NA,NA,NA,NA,NA,NA,NA,NA,NA,NA,NA,NA,NA,NA,NA,NA,NA,NA,NA,NA,NA,NA,NA,NA
2026,16953,2026-06-11,"Thu, 11",00:00,14,Docklands,Footscray,Adelaide,9.2,0.624,Footscray by 9,1,2026-03-14 08:28,NA,NA,NA,NA,NA,NA,NA,NA,NA,NA,NA,NA,NA,NA,NA,NA,NA,NA,NA,NA,NA,NA,NA,NA
2026,16954,2026-06-12,"Fri, 12",00:00,14,Kardinia Park,Geelong,Gold Coast,18.9,0.719,Geelong by 19,1,2026-03-14 08:28,NA,NA,NA,NA,NA,NA,NA,NA,NA,NA,NA,NA,NA,NA,NA,NA,NA,NA,NA,NA,NA,NA,NA,NA
2026,16955,2026-06-13,"Sat, 13",00:00,14,M.C.G.,Melbourne,Essendon,5.8,0.585,Melbourne by 6,1,2026-03-14 08:28,NA,NA,NA,NA,NA,NA,NA,NA,NA,NA,NA,NA,NA,NA,NA,NA,NA,NA,NA,NA,NA,NA,NA,NA
2026,16956,2026-06-13,"Sat, 13",00:00,14,Perth Stadium,North Melbourne,West Coast,-0,0.513,North Melbourne by 0,1,2026-03-14 08:28,NA,NA,NA,NA,NA,NA,NA,NA,NA,NA,NA,NA,NA,NA,NA,NA,NA,NA,NA,NA,NA,NA,NA,NA
2026,16957,2026-06-13,"Sat, 13",00:00,14,Adelaide Oval,Port Adelaide,Sydney,0.7,0.523,Port Adelaide by 1,1,2026-03-14 08:28,NA,NA,NA,NA,NA,NA,NA,NA,NA,NA,NA,NA,NA,NA,NA,NA,NA,NA,NA,NA,NA,NA,NA,NA
2026,16958,2026-06-14,"Sun, 14",00:00,14,Ninja Stadium,Richmond,Brisbane Lions,-32,0.2,Brisbane Lions by 32,1,2026-03-14 08:28,NA,NA,NA,NA,NA,NA,NA,NA,NA,NA,NA,NA,NA,NA,NA,NA,NA,NA,NA,NA,NA,NA,NA,NA
2026,16959,2026-06-14,"Sun, 14",00:00,14,Docklands,St Kilda,GWS,-8.8,0.405,GWS by 9,1,2026-03-14 08:28,NA,NA,NA,NA,NA,NA,NA,NA,NA,NA,NA,NA,NA,NA,NA,NA,NA,NA,NA,NA,NA,NA,NA,NA
2026,16960,2026-06-18,"Thu, 18",00:00,15,Perth Stadium,Fremantle,Geelong,7,0.599,Fremantle by 7,1,2026-03-14 08:28,NA,NA,NA,NA,NA,NA,NA,NA,NA,NA,NA,NA,NA,NA,NA,NA,NA,NA,NA,NA,NA,NA,NA,NA
2026,16961,2026-06-19,"Fri, 19",00:00,15,People First Stadium,Gold Coast,Hawthorn,4.1,0.565,Gold Coast by 4,1,2026-03-14 08:28,NA,NA,NA,NA,NA,NA,NA,NA,NA,NA,NA,NA,NA,NA,NA,NA,NA,NA,NA,NA,NA,NA,NA,NA
2026,16962,2026-06-20,"Sat, 20",00:00,15,Adelaide Oval,Adelaide,Melbourne,31.7,0.814,Adelaide by 32,1,2026-03-14 08:28,NA,NA,NA,NA,NA,NA,NA,NA,NA,NA,NA,NA,NA,NA,NA,NA,NA,NA,NA,NA,NA,NA,NA,NA
2026,16963,2026-06-20,"Sat, 20",00:00,15,ENGIE Stadium,GWS,Carlton,19.2,0.722,GWS by 19,1,2026-03-14 08:28,NA,NA,NA,NA,NA,NA,NA,NA,NA,NA,NA,NA,NA,NA,NA,NA,NA,NA,NA,NA,NA,NA,NA,NA
2026,16964,2026-06-20,"Sat, 20",00:00,15,M.C.G.,Collingwood,Port Adelaide,20.1,0.729,Collingwood by 20,1,2026-03-14 08:28,NA,NA,NA,NA,NA,NA,NA,NA,NA,NA,NA,NA,NA,NA,NA,NA,NA,NA,NA,NA,NA,NA,NA,NA
2026,16965,2026-06-21,"Sun, 21",00:00,15,M.C.G.,Richmond,North Melbourne,3.1,0.553,Richmond by 3,1,2026-03-14 08:28,NA,NA,NA,NA,NA,NA,NA,NA,NA,NA,NA,NA,NA,NA,NA,NA,NA,NA,NA,NA,NA,NA,NA,NA
2026,16966,2026-06-21,"Sun, 21",00:00,15,Docklands,St Kilda,Footscray,-19.4,0.296,Footscray by 19,1,2026-03-14 08:28,NA,NA,NA,NA,NA,NA,NA,NA,NA,NA,NA,NA,NA,NA,NA,NA,NA,NA,NA,NA,NA,NA,NA,NA
2026,16967,2026-06-22,"Mon, 22",00:00,16,Gabba,Brisbane Lions,Sydney,15.6,0.689,Brisbane Lions by 16,1,2026-03-14 08:28,NA,NA,NA,NA,NA,NA,NA,NA,NA,NA,NA,NA,NA,NA,NA,NA,NA,NA,NA,NA,NA,NA,NA,NA
2026,16968,2026-06-22,"Mon, 22",00:00,16,Docklands,Carlton,West Coast,25.9,0.774,Carlton by 26,1,2026-03-14 08:28,NA,NA,NA,NA,NA,NA,NA,NA,NA,NA,NA,NA,NA,NA,NA,NA,NA,NA,NA,NA,NA,NA,NA,NA
2026,16969,2026-06-22,"Mon, 22",00:00,16,M.C.G.,Collingwood,Richmond,29.7,0.801,Collingwood by 30,1,2026-03-14 08:28,NA,NA,NA,NA,NA,NA,NA,NA,NA,NA,NA,NA,NA,NA,NA,NA,NA,NA,NA,NA,NA,NA,NA,NA
2026,16970,2026-06-22,"Mon, 22",00:00,16,M.C.G.,Hawthorn,GWS,6.5,0.593,Hawthorn by 6,1,2026-03-14 08:28,NA,NA,NA,NA,NA,NA,NA,NA,NA,NA,NA,NA,NA,NA,NA,NA,NA,NA,NA,NA,NA,NA,NA,NA
2026,16971,2026-06-22,"Mon, 22",00:00,16,Docklands,North Melbourne,Essendon,0.9,0.525,North Melbourne by 1,1,2026-03-14 08:28,NA,NA,NA,NA,NA,NA,NA,NA,NA,NA,NA,NA,NA,NA,NA,NA,NA,NA,NA,NA,NA,NA,NA,NA
2026,16972,2026-06-22,"Mon, 22",00:00,16,Adelaide Oval,Port Adelaide,Adelaide,-16,0.328,Adelaide by 16,1,2026-03-14 08:28,NA,NA,NA,NA,NA,NA,NA,NA,NA,NA,NA,NA,NA,NA,NA,NA,NA,NA,NA,NA,NA,NA,NA,NA
2026,16973,2026-06-22,"Mon, 22",00:00,16,Perth Stadium,Fremantle,Gold Coast,9.8,0.631,Fremantle by 10,1,2026-03-14 08:28,NA,NA,NA,NA,NA,NA,NA,NA,NA,NA,NA,NA,NA,NA,NA,NA,NA,NA,NA,NA,NA,NA,NA,NA
2026,16974,2026-06-29,"Mon, 29",00:00,17,Docklands,Essendon,St Kilda,-13,0.358,St Kilda by 13,1,2026-03-14 08:28,NA,NA,NA,NA,NA,NA,NA,NA,NA,NA,NA,NA,NA,NA,NA,NA,NA,NA,NA,NA,NA,NA,NA,NA
2026,16975,2026-06-29,"Mon, 29",00:00,17,Kardinia Park,Geelong,Brisbane Lions,16.4,0.697,Geelong by 16,1,2026-03-14 08:28,NA,NA,NA,NA,NA,NA,NA,NA,NA,NA,NA,NA,NA,NA,NA,NA,NA,NA,NA,NA,NA,NA,NA,NA
2026,16976,2026-06-29,"Mon, 29",00:00,17,People First Stadium,Gold Coast,Collingwood,5.7,0.584,Gold Coast by 6,1,2026-03-14 08:28,NA,NA,NA,NA,NA,NA,NA,NA,NA,NA,NA,NA,NA,NA,NA,NA,NA,NA,NA,NA,NA,NA,NA,NA
2026,16977,2026-06-29,"Mon, 29",00:00,17,Corroboree Group Oval Manuka,GWS,Fremantle,4.6,0.571,GWS by 5,1,2026-03-14 08:28,NA,NA,NA,NA,NA,NA,NA,NA,NA,NA,NA,NA,NA,NA,NA,NA,NA,NA,NA,NA,NA,NA,NA,NA
2026,16978,2026-06-29,"Mon, 29",00:00,17,York Park,Hawthorn,Melbourne,35.3,0.836,Hawthorn by 35,1,2026-03-14 08:28,NA,NA,NA,NA,NA,NA,NA,NA,NA,NA,NA,NA,NA,NA,NA,NA,NA,NA,NA,NA,NA,NA,NA,NA
2026,16979,2026-06-29,"Mon, 29",00:00,17,M.C.G.,Richmond,Carlton,-16,0.328,Carlton by 16,1,2026-03-14 08:28,NA,NA,NA,NA,NA,NA,NA,NA,NA,NA,NA,NA,NA,NA,NA,NA,NA,NA,NA,NA,NA,NA,NA,NA
2026,16980,2026-06-29,"Mon, 29",00:00,17,S.C.G.,Sydney,Footscray,1.9,0.537,Sydney by 2,1,2026-03-14 08:28,NA,NA,NA,NA,NA,NA,NA,NA,NA,NA,NA,NA,NA,NA,NA,NA,NA,NA,NA,NA,NA,NA,NA,NA
2026,16981,2026-06-29,"Mon, 29",00:00,17,Adelaide Oval,Port Adelaide,North Melbourne,22.4,0.748,Port Adelaide by 22,1,2026-03-14 08:28,NA,NA,NA,NA,NA,NA,NA,NA,NA,NA,NA,NA,NA,NA,NA,NA,NA,NA,NA,NA,NA,NA,NA,NA
2026,16982,2026-06-29,"Mon, 29",00:00,17,Perth Stadium,West Coast,Adelaide,-29.2,0.219,Adelaide by 29,1,2026-03-14 08:28,NA,NA,NA,NA,NA,NA,NA,NA,NA,NA,NA,NA,NA,NA,NA,NA,NA,NA,NA,NA,NA,NA,NA,NA
2026,16983,2026-07-06,"Mon, 06",00:00,18,Gabba,Brisbane Lions,Essendon,37,0.846,Brisbane Lions by 37,1,2026-03-14 08:28,NA,NA,NA,NA,NA,NA,NA,NA,NA,NA,NA,NA,NA,NA,NA,NA,NA,NA,NA,NA,NA,NA,NA,NA
2026,16984,2026-07-06,"Mon, 06",00:00,18,M.C.G.,Carlton,Hawthorn,-13.4,0.354,Hawthorn by 13,1,2026-03-14 08:28,NA,NA,NA,NA,NA,NA,NA,NA,NA,NA,NA,NA,NA,NA,NA,NA,NA,NA,NA,NA,NA,NA,NA,NA
2026,16985,2026-07-06,"Mon, 06",00:00,18,Docklands,Collingwood,North Melbourne,15.6,0.689,Collingwood by 16,1,2026-03-14 08:28,NA,NA,NA,NA,NA,NA,NA,NA,NA,NA,NA,NA,NA,NA,NA,NA,NA,NA,NA,NA,NA,NA,NA,NA
2026,16986,2026-07-06,"Mon, 06",00:00,18,ENGIE Stadium,GWS,Geelong,4.7,0.572,GWS by 5,1,2026-03-14 08:28,NA,NA,NA,NA,NA,NA,NA,NA,NA,NA,NA,NA,NA,NA,NA,NA,NA,NA,NA,NA,NA,NA,NA,NA
2026,16987,2026-07-06,"Mon, 06",00:00,18,M.C.G.,Melbourne,Richmond,7.9,0.61,Melbourne by 8,1,2026-03-14 08:28,NA,NA,NA,NA,NA,NA,NA,NA,NA,NA,NA,NA,NA,NA,NA,NA,NA,NA,NA,NA,NA,NA,NA,NA
2026,16988,2026-07-06,"Mon, 06",00:00,18,Docklands,St Kilda,Port Adelaide,4.5,0.57,St Kilda by 4,1,2026-03-14 08:28,NA,NA,NA,NA,NA,NA,NA,NA,NA,NA,NA,NA,NA,NA,NA,NA,NA,NA,NA,NA,NA,NA,NA,NA
2026,16989,2026-07-06,"Mon, 06",00:00,18,Docklands,Footscray,West Coast,45.9,0.894,Footscray by 46,1,2026-03-14 08:28,NA,NA,NA,NA,NA,NA,NA,NA,NA,NA,NA,NA,NA,NA,NA,NA,NA,NA,NA,NA,NA,NA,NA,NA
2026,16990,2026-07-06,"Mon, 06",00:00,18,Adelaide Oval,Adelaide,Gold Coast,14.9,0.683,Adelaide by 15,1,2026-03-14 08:28,NA,NA,NA,NA,NA,NA,NA,NA,NA,NA,NA,NA,NA,NA,NA,NA,NA,NA,NA,NA,NA,NA,NA,NA
2026,16991,2026-07-06,"Mon, 06",00:00,18,Perth Stadium,Fremantle,Sydney,11.3,0.647,Fremantle by 11,1,2026-03-14 08:28,NA,NA,NA,NA,NA,NA,NA,NA,NA,NA,NA,NA,NA,NA,NA,NA,NA,NA,NA,NA,NA,NA,NA,NA
2026,16992,2026-07-13,"Mon, 13",00:00,19,M.C.G.,Collingwood,Carlton,12.9,0.663,Collingwood by 13,1,2026-03-14 08:28,NA,NA,NA,NA,NA,NA,NA,NA,NA,NA,NA,NA,NA,NA,NA,NA,NA,NA,NA,NA,NA,NA,NA,NA
2026,16993,2026-07-13,"Mon, 13",00:00,19,Docklands,Essendon,GWS,-21.6,0.277,GWS by 22,1,2026-03-14 08:28,NA,NA,NA,NA,NA,NA,NA,NA,NA,NA,NA,NA,NA,NA,NA,NA,NA,NA,NA,NA,NA,NA,NA,NA
2026,16994,2026-07-13,"Mon, 13",00:00,19,Kardinia Park,Geelong,St Kilda,29.1,0.797,Geelong by 29,1,2026-03-14 08:28,NA,NA,NA,NA,NA,NA,NA,NA,NA,NA,NA,NA,NA,NA,NA,NA,NA,NA,NA,NA,NA,NA,NA,NA
2026,16995,2026-07-13,"Mon, 13",00:00,19,People First Stadium,Gold Coast,Footscray,2.5,0.545,Gold Coast by 2,1,2026-03-14 08:28,NA,NA,NA,NA,NA,NA,NA,NA,NA,NA,NA,NA,NA,NA,NA,NA,NA,NA,NA,NA,NA,NA,NA,NA
2026,16996,2026-07-13,"Mon, 13",00:00,19,Docklands,North Melbourne,Melbourne,2.8,0.549,North Melbourne by 3,1,2026-03-14 08:28,NA,NA,NA,NA,NA,NA,NA,NA,NA,NA,NA,NA,NA,NA,NA,NA,NA,NA,NA,NA,NA,NA,NA,NA
2026,16997,2026-07-13,"Mon, 13",00:00,19,M.C.G.,Richmond,Hawthorn,-30.5,0.21,Hawthorn by 30,1,2026-03-14 08:28,NA,NA,NA,NA,NA,NA,NA,NA,NA,NA,NA,NA,NA,NA,NA,NA,NA,NA,NA,NA,NA,NA,NA,NA
2026,16998,2026-07-13,"Mon, 13",00:00,19,S.C.G.,Sydney,Adelaide,4.1,0.565,Sydney by 4,1,2026-03-14 08:28,NA,NA,NA,NA,NA,NA,NA,NA,NA,NA,NA,NA,NA,NA,NA,NA,NA,NA,NA,NA,NA,NA,NA,NA
2026,16999,2026-07-13,"Mon, 13",00:00,19,Adelaide Oval,Port Adelaide,Fremantle,-1,0.501,Port Adelaide by 1,1,2026-03-14 08:28,NA,NA,NA,NA,NA,NA,NA,NA,NA,NA,NA,NA,NA,NA,NA,NA,NA,NA,NA,NA,NA,NA,NA,NA
2026,17000,2026-07-13,"Mon, 13",00:00,19,Perth Stadium,West Coast,Brisbane Lions,-25.2,0.248,Brisbane Lions by 25,1,2026-03-14 08:28,NA,NA,NA,NA,NA,NA,NA,NA,NA,NA,NA,NA,NA,NA,NA,NA,NA,NA,NA,NA,NA,NA,NA,NA
2026,17001,2026-07-20,"Mon, 20",00:00,20,Gabba,Brisbane Lions,Port Adelaide,26.1,0.776,Brisbane Lions by 26,1,2026-03-14 08:28,NA,NA,NA,NA,NA,NA,NA,NA,NA,NA,NA,NA,NA,NA,NA,NA,NA,NA,NA,NA,NA,NA,NA,NA
2026,17002,2026-07-20,"Mon, 20",00:00,20,Docklands,Carlton,Gold Coast,-7.7,0.418,Gold Coast by 8,1,2026-03-14 08:28,NA,NA,NA,NA,NA,NA,NA,NA,NA,NA,NA,NA,NA,NA,NA,NA,NA,NA,NA,NA,NA,NA,NA,NA
2026,17003,2026-07-20,"Mon, 20",00:00,20,ENGIE Stadium,GWS,Sydney,12.7,0.661,GWS by 13,1,2026-03-14 08:28,NA,NA,NA,NA,NA,NA,NA,NA,NA,NA,NA,NA,NA,NA,NA,NA,NA,NA,NA,NA,NA,NA,NA,NA
2026,17004,2026-07-20,"Mon, 20",00:00,20,M.C.G.,Hawthorn,Essendon,25.9,0.774,Hawthorn by 26,1,2026-03-14 08:28,NA,NA,NA,NA,NA,NA,NA,NA,NA,NA,NA,NA,NA,NA,NA,NA,NA,NA,NA,NA,NA,NA,NA,NA
2026,17005,2026-07-20,"Mon, 20",00:00,20,Docklands,North Melbourne,St Kilda,-10.7,0.383,St Kilda by 11,1,2026-03-14 08:28,NA,NA,NA,NA,NA,NA,NA,NA,NA,NA,NA,NA,NA,NA,NA,NA,NA,NA,NA,NA,NA,NA,NA,NA
2026,17006,2026-07-20,"Mon, 20",00:00,20,M.C.G.,Melbourne,Geelong,-20.1,0.29,Geelong by 20,1,2026-03-14 08:28,NA,NA,NA,NA,NA,NA,NA,NA,NA,NA,NA,NA,NA,NA,NA,NA,NA,NA,NA,NA,NA,NA,NA,NA
2026,17007,2026-07-20,"Mon, 20",00:00,20,Docklands,Footscray,Richmond,41.3,0.87,Footscray by 41,1,2026-03-14 08:28,NA,NA,NA,NA,NA,NA,NA,NA,NA,NA,NA,NA,NA,NA,NA,NA,NA,NA,NA,NA,NA,NA,NA,NA
2026,17008,2026-07-20,"Mon, 20",00:00,20,Adelaide Oval,Adelaide,Collingwood,10.8,0.641,Adelaide by 11,1,2026-03-14 08:28,NA,NA,NA,NA,NA,NA,NA,NA,NA,NA,NA,NA,NA,NA,NA,NA,NA,NA,NA,NA,NA,NA,NA,NA
2026,17009,2026-07-20,"Mon, 20",00:00,20,Perth Stadium,Fremantle,West Coast,34,0.828,Fremantle by 34,1,2026-03-14 08:28,NA,NA,NA,NA,NA,NA,NA,NA,NA,NA,NA,NA,NA,NA,NA,NA,NA,NA,NA,NA,NA,NA,NA,NA
2026,17010,2026-07-27,"Mon, 27",00:00,21,Docklands,Carlton,Brisbane Lions,-8.8,0.405,Brisbane Lions by 9,1,2026-03-14 08:28,NA,NA,NA,NA,NA,NA,NA,NA,NA,NA,NA,NA,NA,NA,NA,NA,NA,NA,NA,NA,NA,NA,NA,NA
2026,17011,2026-07-27,"Mon, 27",00:00,21,M.C.G.,Collingwood,Geelong,-0.2,0.511,Collingwood by 0,1,2026-03-14 08:28,NA,NA,NA,NA,NA,NA,NA,NA,NA,NA,NA,NA,NA,NA,NA,NA,NA,NA,NA,NA,NA,NA,NA,NA
2026,17012,2026-07-27,"Mon, 27",00:00,21,Docklands,Essendon,Adelaide,-21.1,0.282,Adelaide by 21,1,2026-03-14 08:28,NA,NA,NA,NA,NA,NA,NA,NA,NA,NA,NA,NA,NA,NA,NA,NA,NA,NA,NA,NA,NA,NA,NA,NA
2026,17013,2026-07-27,"Mon, 27",00:00,21,People First Stadium,Gold Coast,Melbourne,28.1,0.79,Gold Coast by 28,1,2026-03-14 08:28,NA,NA,NA,NA,NA,NA,NA,NA,NA,NA,NA,NA,NA,NA,NA,NA,NA,NA,NA,NA,NA,NA,NA,NA
2026,17014,2026-07-27,"Mon, 27",00:00,21,York Park,Hawthorn,North Melbourne,32.5,0.819,Hawthorn by 32,1,2026-03-14 08:28,NA,NA,NA,NA,NA,NA,NA,NA,NA,NA,NA,NA,NA,NA,NA,NA,NA,NA,NA,NA,NA,NA,NA,NA
2026,17015,2026-07-27,"Mon, 27",00:00,21,M.C.G.,Richmond,West Coast,15.3,0.687,Richmond by 15,1,2026-03-14 08:28,NA,NA,NA,NA,NA,NA,NA,NA,NA,NA,NA,NA,NA,NA,NA,NA,NA,NA,NA,NA,NA,NA,NA,NA
2026,17016,2026-07-27,"Mon, 27",00:00,21,Docklands,St Kilda,Sydney,-3.7,0.467,Sydney by 4,1,2026-03-14 08:28,NA,NA,NA,NA,NA,NA,NA,NA,NA,NA,NA,NA,NA,NA,NA,NA,NA,NA,NA,NA,NA,NA,NA,NA
2026,17017,2026-07-27,"Mon, 27",00:00,21,Adelaide Oval,Port Adelaide,GWS,-2.6,0.481,GWS by 3,1,2026-03-14 08:28,NA,NA,NA,NA,NA,NA,NA,NA,NA,NA,NA,NA,NA,NA,NA,NA,NA,NA,NA,NA,NA,NA,NA,NA
2026,17018,2026-07-27,"Mon, 27",00:00,21,Perth Stadium,Fremantle,Footscray,4.8,0.573,Fremantle by 5,1,2026-03-14 08:28,NA,NA,NA,NA,NA,NA,NA,NA,NA,NA,NA,NA,NA,NA,NA,NA,NA,NA,NA,NA,NA,NA,NA,NA
2026,17019,2026-08-03,"Mon, 03",00:00,22,Gabba,Brisbane Lions,Hawthorn,14.2,0.676,Brisbane Lions by 14,1,2026-03-14 08:28,NA,NA,NA,NA,NA,NA,NA,NA,NA,NA,NA,NA,NA,NA,NA,NA,NA,NA,NA,NA,NA,NA,NA,NA
2026,17020,2026-08-03,"Mon, 03",00:00,22,Kardinia Park,Geelong,Essendon,41.3,0.87,Geelong by 41,1,2026-03-14 08:28,NA,NA,NA,NA,NA,NA,NA,NA,NA,NA,NA,NA,NA,NA,NA,NA,NA,NA,NA,NA,NA,NA,NA,NA
2026,17021,2026-08-03,"Mon, 03",00:00,22,Corroboree Group Oval Manuka,GWS,Gold Coast,6.9,0.598,GWS by 7,1,2026-03-14 08:28,NA,NA,NA,NA,NA,NA,NA,NA,NA,NA,NA,NA,NA,NA,NA,NA,NA,NA,NA,NA,NA,NA,NA,NA
2026,17022,2026-08-03,"Mon, 03",00:00,22,M.C.G.,Melbourne,Fremantle,-9.7,0.395,Fremantle by 10,1,2026-03-14 08:28,NA,NA,NA,NA,NA,NA,NA,NA,NA,NA,NA,NA,NA,NA,NA,NA,NA,NA,NA,NA,NA,NA,NA,NA
2026,17023,2026-08-03,"Mon, 03",00:00,22,Docklands,St Kilda,Carlton,-0,0.513,St Kilda by 0,1,2026-03-14 08:28,NA,NA,NA,NA,NA,NA,NA,NA,NA,NA,NA,NA,NA,NA,NA,NA,NA,NA,NA,NA,NA,NA,NA,NA
2026,17024,2026-08-03,"Mon, 03",00:00,22,S.C.G.,Sydney,Port Adelaide,19.6,0.725,Sydney by 20,1,2026-03-14 08:28,NA,NA,NA,NA,NA,NA,NA,NA,NA,NA,NA,NA,NA,NA,NA,NA,NA,NA,NA,NA,NA,NA,NA,NA
2026,17025,2026-08-03,"Mon, 03",00:00,22,Docklands,Footscray,North Melbourne,28.6,0.793,Footscray by 29,1,2026-03-14 08:28,NA,NA,NA,NA,NA,NA,NA,NA,NA,NA,NA,NA,NA,NA,NA,NA,NA,NA,NA,NA,NA,NA,NA,NA
2026,17026,2026-08-03,"Mon, 03",00:00,22,Adelaide Oval,Adelaide,Richmond,43,0.879,Adelaide by 43,1,2026-03-14 08:28,NA,NA,NA,NA,NA,NA,NA,NA,NA,NA,NA,NA,NA,NA,NA,NA,NA,NA,NA,NA,NA,NA,NA,NA
2026,17027,2026-08-03,"Mon, 03",00:00,22,Perth Stadium,West Coast,Collingwood,-23.5,0.262,Collingwood by 24,1,2026-03-14 08:28,NA,NA,NA,NA,NA,NA,NA,NA,NA,NA,NA,NA,NA,NA,NA,NA,NA,NA,NA,NA,NA,NA,NA,NA
2026,17028,2026-08-10,"Mon, 10",00:00,23,Gabba,Brisbane Lions,Gold Coast,11.1,0.645,Brisbane Lions by 11,1,2026-03-14 08:28,NA,NA,NA,NA,NA,NA,NA,NA,NA,NA,NA,NA,NA,NA,NA,NA,NA,NA,NA,NA,NA,NA,NA,NA
2026,17029,2026-08-10,"Mon, 10",00:00,23,M.C.G.,Essendon,Sydney,-16.5,0.323,Sydney by 16,1,2026-03-14 08:28,NA,NA,NA,NA,NA,NA,NA,NA,NA,NA,NA,NA,NA,NA,NA,NA,NA,NA,NA,NA,NA,NA,NA,NA
2026,17030,2026-08-10,"Mon, 10",00:00,23,ENGIE Stadium,GWS,West Coast,46.5,0.897,GWS by 46,1,2026-03-14 08:28,NA,NA,NA,NA,NA,NA,NA,NA,NA,NA,NA,NA,NA,NA,NA,NA,NA,NA,NA,NA,NA,NA,NA,NA
2026,17031,2026-08-10,"Mon, 10",00:00,23,M.C.G.,Hawthorn,Collingwood,-2.3,0.485,Collingwood by 2,1,2026-03-14 08:28,NA,NA,NA,NA,NA,NA,NA,NA,NA,NA,NA,NA,NA,NA,NA,NA,NA,NA,NA,NA,NA,NA,NA,NA
2026,17032,2026-08-10,"Mon, 10",00:00,23,Docklands,North Melbourne,Geelong,-17.1,0.318,Geelong by 17,1,2026-03-14 08:28,NA,NA,NA,NA,NA,NA,NA,NA,NA,NA,NA,NA,NA,NA,NA,NA,NA,NA,NA,NA,NA,NA,NA,NA
2026,17033,2026-08-10,"Mon, 10",00:00,23,M.C.G.,Richmond,St Kilda,-6.5,0.432,St Kilda by 6,1,2026-03-14 08:28,NA,NA,NA,NA,NA,NA,NA,NA,NA,NA,NA,NA,NA,NA,NA,NA,NA,NA,NA,NA,NA,NA,NA,NA
2026,17034,2026-08-10,"Mon, 10",00:00,23,Docklands,Footscray,Carlton,18.2,0.713,Footscray by 18,1,2026-03-14 08:28,NA,NA,NA,NA,NA,NA,NA,NA,NA,NA,NA,NA,NA,NA,NA,NA,NA,NA,NA,NA,NA,NA,NA,NA
2026,17035,2026-08-10,"Mon, 10",00:00,23,Adelaide Oval,Port Adelaide,Melbourne,14.8,0.682,Port Adelaide by 15,1,2026-03-14 08:28,NA,NA,NA,NA,NA,NA,NA,NA,NA,NA,NA,NA,NA,NA,NA,NA,NA,NA,NA,NA,NA,NA,NA,NA
2026,17036,2026-08-10,"Mon, 10",00:00,23,Perth Stadium,Fremantle,Adelaide,4.4,0.568,Fremantle by 4,1,2026-03-14 08:28,NA,NA,NA,NA,NA,NA,NA,NA,NA,NA,NA,NA,NA,NA,NA,NA,NA,NA,NA,NA,NA,NA,NA,NA
2026,17037,2026-08-17,"Mon, 17",00:00,24,M.C.G.,Collingwood,Brisbane Lions,5.4,0.58,Collingwood by 5,1,2026-03-14 08:28,NA,NA,NA,NA,NA,NA,NA,NA,NA,NA,NA,NA,NA,NA,NA,NA,NA,NA,NA,NA,NA,NA,NA,NA
2026,17038,2026-08-17,"Mon, 17",00:00,24,Docklands,Carlton,Fremantle,-6.1,0.437,Fremantle by 6,1,2026-03-14 08:28,NA,NA,NA,NA,NA,NA,NA,NA,NA,NA,NA,NA,NA,NA,NA,NA,NA,NA,NA,NA,NA,NA,NA,NA
2026,17039,2026-08-17,"Mon, 17",00:00,24,Docklands,Essendon,Port Adelaide,-7.4,0.421,Port Adelaide by 7,1,2026-03-14 08:28,NA,NA,NA,NA,NA,NA,NA,NA,NA,NA,NA,NA,NA,NA,NA,NA,NA,NA,NA,NA,NA,NA,NA,NA
2026,17040,2026-08-17,"Mon, 17",00:00,24,Kardinia Park,Geelong,Richmond,45.5,0.892,Geelong by 46,1,2026-03-14 08:28,NA,NA,NA,NA,NA,NA,NA,NA,NA,NA,NA,NA,NA,NA,NA,NA,NA,NA,NA,NA,NA,NA,NA,NA
2026,17041,2026-08-17,"Mon, 17",00:00,24,M.C.G.,Melbourne,Footscray,-15,0.338,Footscray by 15,1,2026-03-14 08:28,NA,NA,NA,NA,NA,NA,NA,NA,NA,NA,NA,NA,NA,NA,NA,NA,NA,NA,NA,NA,NA,NA,NA,NA
2026,17042,2026-08-17,"Mon, 17",00:00,24,Docklands,St Kilda,Gold Coast,-6.8,0.429,Gold Coast by 7,1,2026-03-14 08:28,NA,NA,NA,NA,NA,NA,NA,NA,NA,NA,NA,NA,NA,NA,NA,NA,NA,NA,NA,NA,NA,NA,NA,NA
2026,17043,2026-08-17,"Mon, 17",00:00,24,S.C.G.,Sydney,North Melbourne,34.1,0.829,Sydney by 34,1,2026-03-14 08:28,NA,NA,NA,NA,NA,NA,NA,NA,NA,NA,NA,NA,NA,NA,NA,NA,NA,NA,NA,NA,NA,NA,NA,NA
2026,17044,2026-08-17,"Mon, 17",00:00,24,Adelaide Oval,Adelaide,GWS,11.2,0.646,Adelaide by 11,1,2026-03-14 08:28,NA,NA,NA,NA,NA,NA,NA,NA,NA,NA,NA,NA,NA,NA,NA,NA,NA,NA,NA,NA,NA,NA,NA,NA
2026,17045,2026-08-17,"Mon, 17",00:00,24,Perth Stadium,West Coast,Hawthorn,-25.6,0.245,Hawthorn by 26,1,2026-03-14 08:28,NA,NA,NA,NA,NA,NA,NA,NA,NA,NA,NA,NA,NA,NA,NA,NA,NA,NA,NA,NA,NA,NA,NA,NA
2026,16844,2026-03-12,NA,NA,1,M.C.G.,Carlton,Richmond,13,0.6235448666243757,NA,1,2026-03-14 08:28,NA,NA,NA,NA,NA,NA,NA,NA,NA,NA,NA,NA,NA,NA,NA,NA,NA,NA,NA,NA,NA,NA,NA,NA
2026,16845,2026-03-13,NA,NA,1,M.C.G.,Essendon,Hawthorn,-27,0.25141504440132556,NA,1,2026-03-14 08:28,NA,NA,NA,NA,NA,NA,NA,NA,NA,NA,NA,NA,NA,NA,NA,NA,NA,NA,NA,NA,NA,NA,NA,NA
2026,16846,2026-03-14,NA,NA,1,Docklands,Footscray,GWS,8,0.5705992611435161,NA,1,2026-03-14 08:28,NA,NA,NA,NA,NA,NA,NA,NA,NA,NA,NA,NA,NA,NA,NA,NA,NA,NA,NA,NA,NA,NA,NA,NA
2026,16847,2026-03-14,NA,NA,1,Kardinia Park,Geelong,Fremantle,14,0.6362574521458929,NA,1,2026-03-14 08:28,NA,NA,NA,NA,NA,NA,NA,NA,NA,NA,NA,NA,NA,NA,NA,NA,NA,NA,NA,NA,NA,NA,NA,NA
